{
  "uid": "8cdde5c1-4df1-422d-9530-d45c18519c15",
  "hwid": "154724018377269",
  "total_clicks": 107.73291431900228,
  "click_power_level": 9,
  "faster_click_level": 1,
  "mini_clicker_count": 35,
  "rebirth_count": 0,
  "last_save": 1748112719.869197,
  "hmac": "d753dba98b68fdb0b58e16a9a4769b588b2662581648014001eaaf85be665516"
}