{
  "uid": "e99531ac-f9c9-4bac-beb1-f205c580e1a5",
  "hwid": "154724018377269",
  "total_clicks": 1040.5564000000093,
  "click_power_level": 2,
  "faster_click_level": 2,
  "mini_clicker_count": 2,
  "rebirth_count": 0,
  "last_save": 1748112664.402247,
  "hmac": "bb315db757d9df628865312bdfe29a95a77938a4be703712d68fe56847382d50"
}