{
  "uid": "8e65b2f3-6b49-4cfe-a229-cbe767c12cc3",
  "hwid": "154724018377269",
  "total_clicks": 824359.2202869974,
  "click_power_level": 44,
  "faster_click_level": 3,
  "mini_clicker_count": 38,
  "rebirth_count": 1,
  "last_save": 1748112943.0764132,
  "hmac": "a738144fcd09f18a5f6036b7ae955834a9ee9d8a82e0d25534643ce80cb5d628"
}