{
  "uid": "fbc3ea2b-fdd2-4e3b-8c2d-124364a0d713",
  "hwid": "154724018377269",
  "total_clicks": 27.99999999999999,
  "click_power_level": 0,
  "faster_click_level": 0,
  "mini_clicker_count": 0,
  "rebirth_count": 1,
  "last_save": 1748112823.3341784,
  "hmac": "d63164338141c7b5ff2d15d9dbdb0baef22a45f6e586efe77e48ca6e26438a72"
}