{
  "uid": "fbc3ea2b-fdd2-4e3b-8c2d-124364a0d713",
  "hwid": "154724018377269",
  "total_clicks": 29.399999999999988,
  "click_power_level": 0,
  "faster_click_level": 0,
  "mini_clicker_count": 0,
  "rebirth_count": 1,
  "last_save": 1748112844.2451463,
  "hmac": "8b396fa7d2c8484f8b9878d9fe31784e3e129fb6308d1a974e8b4b21a57321b6"
}