{
  "uid": "8cdde5c1-4df1-422d-9530-d45c18519c15",
  "hwid": "154724018377269",
  "total_clicks": 57.75246620000016,
  "click_power_level": 3,
  "faster_click_level": 1,
  "mini_clicker_count": 35,
  "rebirth_count": 0,
  "last_save": 1748112703.7701693,
  "hmac": "e48d175aec9e64cfcc526ab39894c3114d85c5826525dad595789704539571fe"
}