{
  "uid": "fbc3ea2b-fdd2-4e3b-8c2d-124364a0d713",
  "hwid": "154724018377269",
  "total_clicks": 37.79999999999998,
  "click_power_level": 0,
  "faster_click_level": 0,
  "mini_clicker_count": 0,
  "rebirth_count": 1,
  "last_save": 1748112896.7103248,
  "hmac": "f8ab44d8783cb81bf24dd022ee13c597bf7a4c6c63a9749bf1dd17d05fd008cf"
}