{
  "uid": "8cdde5c1-4df1-422d-9530-d45c18519c15",
  "hwid": "154724018377269",
  "total_clicks": 125.44900000000011,
  "click_power_level": 3,
  "faster_click_level": 0,
  "mini_clicker_count": 0,
  "rebirth_count": 0,
  "last_save": 1748112682.5547442,
  "hmac": "92052d1aa59420e4fd734b395382caa5350a8f48ac3c76ea4762e9bc900111eb"
}