{
  "uid": "8cdde5c1-4df1-422d-9530-d45c18519c15",
  "hwid": "154724018377269",
  "total_clicks": 70.52400000000004,
  "click_power_level": 3,
  "faster_click_level": 0,
  "mini_clicker_count": 0,
  "rebirth_count": 0,
  "last_save": 1748112680.5311873,
  "hmac": "e8ac1a9a5db23ca5212223acb36057be417cbc0835f24864c6746945e866c525"
}