{
  "uid": "94dd5597-eb88-4bd5-885a-3b0a5059a239",
  "hwid": "154724018377269",
  "total_clicks": 308.45568321941585,
  "click_power_level": 15,
  "faster_click_level": 5,
  "mini_clicker_count": 64,
  "rebirth_count": 1,
  "last_save": 1748112930.0023859,
  "hmac": "41efdb324e4046fe3194a7775535b0364a543edd4fbb09d363a1bc0f05f481fa"
}