{
  "uid": "8e65b2f3-6b49-4cfe-a229-cbe767c12cc3",
  "hwid": "154724018377269",
  "total_clicks": 4.241698419908916e+41,
  "click_power_level": 344,
  "faster_click_level": 228,
  "mini_clicker_count": 839,
  "rebirth_count": 1,
  "last_save": 1748113041.7463622,
  "hmac": "e29d8c3072997e9c0338bba619c39ef76024759eb3710354b15466c8d2a4283f"
}