{
  "uid": "8e65b2f3-6b49-4cfe-a229-cbe767c12cc3",
  "hwid": "154724018377269",
  "total_clicks": 7.742429582719761e+41,
  "click_power_level": 361,
  "faster_click_level": 228,
  "mini_clicker_count": 839,
  "rebirth_count": 1,
  "last_save": 1748113044.7730632,
  "hmac": "919e79e4c6f2beb4d4e2281c60c4dcf7894a2041ea44eb294d71ceeaf8e37e4b"
}