{
  "uid": "8e65b2f3-6b49-4cfe-a229-cbe767c12cc3",
  "hwid": "154724018377269",
  "total_clicks": 5.0035327837183535e+48,
  "click_power_level": 429,
  "faster_click_level": 328,
  "mini_clicker_count": 1203,
  "rebirth_count": 1,
  "last_save": 1748113071.9892945,
  "hmac": "353aaf612d8514d69ef76d9b84fc1341eab5906cea830de50776f3e908f49a94"
}