{
  "uid": "8e65b2f3-6b49-4cfe-a229-cbe767c12cc3",
  "hwid": "154724018377269",
  "total_clicks": 1.1307720650759778e+48,
  "click_power_level": 415,
  "faster_click_level": 316,
  "mini_clicker_count": 1164,
  "rebirth_count": 1,
  "last_save": 1748113063.8995793,
  "hmac": "c170f675a2b2055d104ce1501f7780bc30b224310ef5691b4dea48ef0a21e6a3"
}