{
  "uid": "8e65b2f3-6b49-4cfe-a229-cbe767c12cc3",
  "hwid": "154724018377269",
  "total_clicks": 2.0424136219570668e+41,
  "click_power_level": 354,
  "faster_click_level": 228,
  "mini_clicker_count": 839,
  "rebirth_count": 1,
  "last_save": 1748113043.7703707,
  "hmac": "867d971b8e37ec561d933df1908529decd533fdf14a63098e867263d50f7be34"
}