{
  "uid": "fbc3ea2b-fdd2-4e3b-8c2d-124364a0d713",
  "hwid": "154724018377269",
  "total_clicks": 19.599999999999998,
  "click_power_level": 0,
  "faster_click_level": 0,
  "mini_clicker_count": 0,
  "rebirth_count": 1,
  "last_save": 1748112785.455184,
  "hmac": "dbff6a86b79c2a25d09a499f6f624d9c89453008744814216495ef60c5273519"
}