{
  "uid": "8cdde5c1-4df1-422d-9530-d45c18519c15",
  "hwid": "154724018377269",
  "total_clicks": 35.341296391093024,
  "click_power_level": 12,
  "faster_click_level": 3,
  "mini_clicker_count": 42,
  "rebirth_count": 0,
  "last_save": 1748112729.9392188,
  "hmac": "805347b463a70fd905cb1cec4735b4af6e607e65046a6dfe6513a9c5cc7bf943"
}