{
  "uid": "fbc3ea2b-fdd2-4e3b-8c2d-124364a0d713",
  "hwid": "154724018377269",
  "total_clicks": 32.19999999999999,
  "click_power_level": 0,
  "faster_click_level": 0,
  "mini_clicker_count": 0,
  "rebirth_count": 1,
  "last_save": 1748112882.6075964,
  "hmac": "9f166132c99d41e014a93578e84dd301f811cae4b86869a7819da23e6f36532d"
}