{
  "uid": "8e65b2f3-6b49-4cfe-a229-cbe767c12cc3",
  "hwid": "154724018377269",
  "total_clicks": 6.359571780589018e+48,
  "click_power_level": 420,
  "faster_click_level": 321,
  "mini_clicker_count": 1178,
  "rebirth_count": 1,
  "last_save": 1748113066.940293,
  "hmac": "53ce35db5e32a7d53d3b15eadc9c85ca5ad8d23db53e7c92e95c52c384b1b4f0"
}