{
  "uid": "fbc3ea2b-fdd2-4e3b-8c2d-124364a0d713",
  "hwid": "154724018377269",
  "total_clicks": 4.199999999999999,
  "click_power_level": 0,
  "faster_click_level": 0,
  "mini_clicker_count": 0,
  "rebirth_count": 1,
  "last_save": 1748112768.2723556,
  "hmac": "a8ad22a585b254c5cb57e248e7ecf35b13178c91ad234120820d21015fca3fd4"
}