{
  "uid": "8e65b2f3-6b49-4cfe-a229-cbe767c12cc3",
  "hwid": "154724018377269",
  "total_clicks": 1.540061608974726e+39,
  "click_power_level": 336,
  "faster_click_level": 228,
  "mini_clicker_count": 839,
  "rebirth_count": 1,
  "last_save": 1748113036.7225418,
  "hmac": "fe07da82e9bf6ec51ac32057b5e8909c7ab5a6bcd45500c313fd28ddda241ec2"
}