{
  "uid": "12d17fdc-95d7-404a-ab81-30e418209711",
  "hwid": "154724018377269",
  "total_clicks": 92255635271.69029,
  "click_power_level": 76,
  "faster_click_level": 53,
  "mini_clicker_count": 142,
  "rebirth_count": 1,
  "last_save": 1748113092.0852485,
  "hmac": "8eb4f73512c477c9c1c8e57cdac5ea17b4fe1f07ae9f16175237253bf3e4d2f6"
}