{
  "uid": "8e65b2f3-6b49-4cfe-a229-cbe767c12cc3",
  "hwid": "154724018377269",
  "total_clicks": 7.217652597114949e+19,
  "click_power_level": 169,
  "faster_click_level": 125,
  "mini_clicker_count": 484,
  "rebirth_count": 1,
  "last_save": 1748112988.3996313,
  "hmac": "98ab4c65793274423f0d0df165b48588480ba32beab92cb4fd0eaf5c9ded08e5"
}