{
  "uid": "8cdde5c1-4df1-422d-9530-d45c18519c15",
  "hwid": "154724018377269",
  "total_clicks": 120.31678000000024,
  "click_power_level": 3,
  "faster_click_level": 1,
  "mini_clicker_count": 14,
  "rebirth_count": 0,
  "last_save": 1748112690.635278,
  "hmac": "eb2b8152f049032980d88c1d3bf9752d184f42ddaa4c62cd58b596b9f51a5f52"
}