{
  "uid": "7e4e71ea-90c6-4181-a8f7-c4ac4cd2fb05",
  "hwid": "154724018377269",
  "total_clicks": 1068.0922000000064,
  "click_power_level": 2,
  "faster_click_level": 2,
  "mini_clicker_count": 2,
  "rebirth_count": 0,
  "last_save": 1748112540.983145,
  "hmac": "3a95c437732c96df18ca7c5b13db8093617233d208f23b5474bc4250195006c8"
}