{
  "uid": "8e65b2f3-6b49-4cfe-a229-cbe767c12cc3",
  "hwid": "154724018377269",
  "total_clicks": 7.453002771084978e+21,
  "click_power_level": 186,
  "faster_click_level": 138,
  "mini_clicker_count": 535,
  "rebirth_count": 1,
  "last_save": 1748112998.4524336,
  "hmac": "e2f682751d96a46b9f50dafe3ece09f2a457ed6ec5f2a28d34c84ae80ef58419"
}