{
  "uid": "8e65b2f3-6b49-4cfe-a229-cbe767c12cc3",
  "hwid": "154724018377269",
  "total_clicks": 4.605972076600925e+46,
  "click_power_level": 404,
  "faster_click_level": 309,
  "mini_clicker_count": 1133,
  "rebirth_count": 1,
  "last_save": 1748113057.873257,
  "hmac": "701dc7fb3e97fa980cc1c9a9326e5b9632b51289587f569199262cfce7f7bf37"
}