{
  "uid": "fbc3ea2b-fdd2-4e3b-8c2d-124364a0d713",
  "hwid": "154724018377269",
  "total_clicks": 29.399999999999988,
  "click_power_level": 0,
  "faster_click_level": 0,
  "mini_clicker_count": 0,
  "rebirth_count": 1,
  "last_save": 1748112856.3583288,
  "hmac": "fc9de972e09c5e1dc5379cf469c19b4a215e5a7bcb2bee503634a08adfb6df33"
}