{
  "uid": "12d17fdc-95d7-404a-ab81-30e418209711",
  "hwid": "154724018377269",
  "total_clicks": 137018811728.57147,
  "click_power_level": 76,
  "faster_click_level": 53,
  "mini_clicker_count": 142,
  "rebirth_count": 1,
  "last_save": 1748113098.1524458,
  "hmac": "1f387d0517541e7b61439d5d6777bef787ca3703571d0da8bfb5e2a74202b62c"
}