{
  "uid": "8cdde5c1-4df1-422d-9530-d45c18519c15",
  "hwid": "154724018377269",
  "total_clicks": 104.5410000000002,
  "click_power_level": 3,
  "faster_click_level": 1,
  "mini_clicker_count": 0,
  "rebirth_count": 0,
  "last_save": 1748112688.6082299,
  "hmac": "8b551ad8e4b8fcd0461d210e78b8d3de6d2c6d07cdd097b6fda3b5b89c6e6d9a"
}