{
  "uid": "fbc3ea2b-fdd2-4e3b-8c2d-124364a0d713",
  "hwid": "154724018377269",
  "total_clicks": 32.19999999999999,
  "click_power_level": 0,
  "faster_click_level": 0,
  "mini_clicker_count": 0,
  "rebirth_count": 1,
  "last_save": 1748112889.646424,
  "hmac": "dbc3429ada874c9d6a9c19abe130dbab8d60c2e5f3fb36ef24e2a0a4c6f1ecc0"
}