{
  "uid": "fbc3ea2b-fdd2-4e3b-8c2d-124364a0d713",
  "hwid": "154724018377269",
  "total_clicks": 19.599999999999998,
  "click_power_level": 0,
  "faster_click_level": 0,
  "mini_clicker_count": 0,
  "rebirth_count": 1,
  "last_save": 1748112780.4066308,
  "hmac": "b4b4d6f88debd0b98181f9820b25c64650d9bd366f49cb63d7698c7d2037b8f5"
}