{
  "uid": "fbc3ea2b-fdd2-4e3b-8c2d-124364a0d713",
  "hwid": "154724018377269",
  "total_clicks": 30.799999999999986,
  "click_power_level": 0,
  "faster_click_level": 0,
  "mini_clicker_count": 0,
  "rebirth_count": 1,
  "last_save": 1748112870.4802449,
  "hmac": "d958e59cfd581fa8b29cb7a6b906c94fa2b6e8c191a2398dc23bbfe632d31931"
}