{
  "uid": "8e65b2f3-6b49-4cfe-a229-cbe767c12cc3",
  "hwid": "154724018377269",
  "total_clicks": 2057982025.235739,
  "click_power_level": 76,
  "faster_click_level": 53,
  "mini_clicker_count": 161,
  "rebirth_count": 1,
  "last_save": 1748112955.1674185,
  "hmac": "220fe67d8b79bd7ff234458add8bb2b3bf690b7cd3ff52dca76297add9a60864"
}