{
  "uid": "8e65b2f3-6b49-4cfe-a229-cbe767c12cc3",
  "hwid": "154724018377269",
  "total_clicks": 3.4730454740617825e+47,
  "click_power_level": 413,
  "faster_click_level": 315,
  "mini_clicker_count": 1159,
  "rebirth_count": 1,
  "last_save": 1748113062.8966022,
  "hmac": "29d8f9a343f98196443522e718a8b5ad1c77017b4c72c9b3deb135df96401c70"
}