{
  "uid": "8cdde5c1-4df1-422d-9530-d45c18519c15",
  "hwid": "154724018377269",
  "total_clicks": 95.70281324540208,
  "click_power_level": 10,
  "faster_click_level": 3,
  "mini_clicker_count": 35,
  "rebirth_count": 0,
  "last_save": 1748112724.906793,
  "hmac": "5d133a4d67ae01b57ce37a4d789b2e4dfbc7af7e9915482515f540725de01f48"
}