{
  "uid": "8e65b2f3-6b49-4cfe-a229-cbe767c12cc3",
  "hwid": "154724018377269",
  "total_clicks": 7.576779683558399e+45,
  "click_power_level": 397,
  "faster_click_level": 303,
  "mini_clicker_count": 1115,
  "rebirth_count": 1,
  "last_save": 1748113053.8507135,
  "hmac": "1b7d477ad040bcf3c54f7a7ce88d9053945e0fcdaa163f2c2f9a4a782328dbde"
}