{
  "uid": "fbc3ea2b-fdd2-4e3b-8c2d-124364a0d713",
  "hwid": "154724018377269",
  "total_clicks": 4.199999999999999,
  "click_power_level": 0,
  "faster_click_level": 0,
  "mini_clicker_count": 0,
  "rebirth_count": 1,
  "last_save": 1748112770.2940302,
  "hmac": "cf48c13c5e86aa896ef450816975fa7098a7fe3a1a8b23ae837ceae15d7ad08d"
}