{
  "uid": "12d17fdc-95d7-404a-ab81-30e418209711",
  "hwid": "154724018377269",
  "total_clicks": 60921414285.55844,
  "click_power_level": 76,
  "faster_click_level": 53,
  "mini_clicker_count": 142,
  "rebirth_count": 1,
  "last_save": 1748113091.0754766,
  "hmac": "41373e85f19459c2e7df103be636b467668dd69f4b85fb458987be8826dd50cd"
}