{
  "uid": "c89277cd-9256-4962-a88c-a3f2b0ec4e3e",
  "hwid": "154724018377269",
  "total_clicks": 25.659123861625233,
  "click_power_level": 12,
  "faster_click_level": 2,
  "mini_clicker_count": 27,
  "rebirth_count": 1,
  "last_save": 1748112916.8915365,
  "hmac": "64a9e6db7c408e0d9fd04f9cceea9009b6ee2c1b9de5d694664111ac934caac1"
}