{
  "uid": "8cdde5c1-4df1-422d-9530-d45c18519c15",
  "hwid": "154724018377269",
  "total_clicks": 203.50196870000246,
  "click_power_level": 7,
  "faster_click_level": 1,
  "mini_clicker_count": 35,
  "rebirth_count": 0,
  "last_save": 1748112717.8640578,
  "hmac": "8bec998f4520676066e476dec8bd8d68ef289042f93f57397843d7630677ed32"
}