{
  "uid": "8e65b2f3-6b49-4cfe-a229-cbe767c12cc3",
  "hwid": "154724018377269",
  "total_clicks": 4.713609491202272e+20,
  "click_power_level": 174,
  "faster_click_level": 128,
  "mini_clicker_count": 500,
  "rebirth_count": 1,
  "last_save": 1748112991.4086835,
  "hmac": "d9073dbd1f224ae6200994b56a04c0b406dcf3b3da80b3bc8934afb071346562"
}