{
  "uid": "8cdde5c1-4df1-422d-9530-d45c18519c15",
  "hwid": "154724018377269",
  "total_clicks": 321.9922472000017,
  "click_power_level": 3,
  "faster_click_level": 1,
  "mini_clicker_count": 35,
  "rebirth_count": 0,
  "last_save": 1748112715.848037,
  "hmac": "f598115d140fca1acf25b4e03765244bf78f717269766b4bdb26d85befd6142d"
}