{
  "uid": "fbc3ea2b-fdd2-4e3b-8c2d-124364a0d713",
  "hwid": "154724018377269",
  "total_clicks": 20.999999999999996,
  "click_power_level": 0,
  "faster_click_level": 0,
  "mini_clicker_count": 0,
  "rebirth_count": 1,
  "last_save": 1748112797.1511428,
  "hmac": "907d02fefe73ed6990b01fa273b943bb640a175786297e71256c3c424248e14a"
}