{
  "uid": "8e65b2f3-6b49-4cfe-a229-cbe767c12cc3",
  "hwid": "154724018377269",
  "total_clicks": 1.2920815151667559e+47,
  "click_power_level": 406,
  "faster_click_level": 309,
  "mini_clicker_count": 1139,
  "rebirth_count": 1,
  "last_save": 1748113058.8813624,
  "hmac": "5b4588885b6919c6030aadccd6913408530565b489434af0d515e17d1e4ad1b0"
}