{
  "uid": "8cdde5c1-4df1-422d-9530-d45c18519c15",
  "hwid": "154724018377269",
  "total_clicks": 212.248103004296,
  "click_power_level": 12,
  "faster_click_level": 3,
  "mini_clicker_count": 53,
  "rebirth_count": 0,
  "last_save": 1748112742.0431159,
  "hmac": "1a8e9c7e213b630d4187397c7667c4f7f00db07d212c7acfc3c06e199bfb514a"
}