{
  "uid": "fbc3ea2b-fdd2-4e3b-8c2d-124364a0d713",
  "hwid": "154724018377269",
  "total_clicks": 30.799999999999986,
  "click_power_level": 0,
  "faster_click_level": 0,
  "mini_clicker_count": 0,
  "rebirth_count": 1,
  "last_save": 1748112867.4525483,
  "hmac": "723b0a8a877f3742188174d7566724418edbde28c1be049e54d7535b734a684a"
}