{
  "uid": "fbc3ea2b-fdd2-4e3b-8c2d-124364a0d713",
  "hwid": "154724018377269",
  "total_clicks": 29.399999999999988,
  "click_power_level": 0,
  "faster_click_level": 0,
  "mini_clicker_count": 0,
  "rebirth_count": 1,
  "last_save": 1748112825.3622334,
  "hmac": "8c3218dcbd94f2e3ccc6f0c6a8c136cd5371f9426512924870c6c1b2bc80c4ab"
}