{
  "uid": "8cdde5c1-4df1-422d-9530-d45c18519c15",
  "hwid": "154724018377269",
  "total_clicks": 75.98000000000016,
  "click_power_level": 3,
  "faster_click_level": 1,
  "mini_clicker_count": 0,
  "rebirth_count": 0,
  "last_save": 1748112687.5920172,
  "hmac": "1097afa27119409110b65bb00d4f67afba8346fe8e2d6c16d4ee65d89e615127"
}