{
  "uid": "8e65b2f3-6b49-4cfe-a229-cbe767c12cc3",
  "hwid": "154724018377269",
  "total_clicks": 1.9291091572341325e+27,
  "click_power_level": 232,
  "faster_click_level": 144,
  "mini_clicker_count": 555,
  "rebirth_count": 1,
  "last_save": 1748113008.5369275,
  "hmac": "34a009246afb494de773cea99f3754be3d7e334217a11a3067076bb3834a6dcb"
}