{
  "uid": "8cdde5c1-4df1-422d-9530-d45c18519c15",
  "hwid": "154724018377269",
  "total_clicks": 185.43990919999996,
  "click_power_level": 3,
  "faster_click_level": 1,
  "mini_clicker_count": 35,
  "rebirth_count": 0,
  "last_save": 1748112709.8031733,
  "hmac": "b203f694738b46b36c2eb1d42cd8498c460eeab71e18c9897419c0d58bb94ace"
}