{
  "uid": "8e65b2f3-6b49-4cfe-a229-cbe767c12cc3",
  "hwid": "154724018377269",
  "total_clicks": 4.464080254515874e+43,
  "click_power_level": 379,
  "faster_click_level": 288,
  "mini_clicker_count": 839,
  "rebirth_count": 1,
  "last_save": 1748113047.7865868,
  "hmac": "4af5a30f5a882328759b975e8eec129af6bfd7d127be3fbfea2e06f92526ca68"
}