{
  "uid": "8e65b2f3-6b49-4cfe-a229-cbe767c12cc3",
  "hwid": "154724018377269",
  "total_clicks": 1.0759434469498041e+21,
  "click_power_level": 177,
  "faster_click_level": 131,
  "mini_clicker_count": 510,
  "rebirth_count": 1,
  "last_save": 1748112993.4265778,
  "hmac": "175ace454fc487547248988032d519be2b943dda55762deb51fbd0b7adc6ce74"
}