{
  "uid": "8cdde5c1-4df1-422d-9530-d45c18519c15",
  "hwid": "154724018377269",
  "total_clicks": 382.63277439800174,
  "click_power_level": 9,
  "faster_click_level": 1,
  "mini_clicker_count": 35,
  "rebirth_count": 0,
  "last_save": 1748112723.9009552,
  "hmac": "e1ca489f3c9c9073bb80d88d2a50b5610918da453a4d761c2cc9e9ea212afb0d"
}