{
  "uid": "12d17fdc-95d7-404a-ab81-30e418209711",
  "hwid": "154724018377269",
  "total_clicks": 137018810933.29709,
  "click_power_level": 76,
  "faster_click_level": 53,
  "mini_clicker_count": 142,
  "rebirth_count": 1,
  "last_save": 1748113097.135547,
  "hmac": "c513c1f8614857754f0e50324853dce49a964ef8f6a6f902bf2a5f9cb57fc6b8"
}