{
  "uid": "8cdde5c1-4df1-422d-9530-d45c18519c15",
  "hwid": "154724018377269",
  "total_clicks": 83.98778466567522,
  "click_power_level": 12,
  "faster_click_level": 3,
  "mini_clicker_count": 49,
  "rebirth_count": 0,
  "last_save": 1748112733.9702911,
  "hmac": "4333c17142a868c2291490f7a8786613050ebf43454fc3250fa2e20c5a34d2bc"
}