{
  "uid": "fbc3ea2b-fdd2-4e3b-8c2d-124364a0d713",
  "hwid": "154724018377269",
  "total_clicks": 37.79999999999998,
  "click_power_level": 0,
  "faster_click_level": 0,
  "mini_clicker_count": 0,
  "rebirth_count": 1,
  "last_save": 1748112893.6951847,
  "hmac": "cdf8903daf66d97763659bbcd20605a5f82c1c0f507e28a383c10410d719778f"
}