{
  "uid": "8e65b2f3-6b49-4cfe-a229-cbe767c12cc3",
  "hwid": "154724018377269",
  "total_clicks": 7.984072903806712e+18,
  "click_power_level": 160,
  "faster_click_level": 118,
  "mini_clicker_count": 377,
  "rebirth_count": 1,
  "last_save": 1748112985.3613365,
  "hmac": "a4afc94f23669c1585b124803e86e1a57c7871e53108603dd82ff2ae8cf15bd2"
}