{
  "uid": "8e65b2f3-6b49-4cfe-a229-cbe767c12cc3",
  "hwid": "154724018377269",
  "total_clicks": 4.3904581271155745e+29,
  "click_power_level": 252,
  "faster_click_level": 144,
  "mini_clicker_count": 555,
  "rebirth_count": 1,
  "last_save": 1748113011.5458522,
  "hmac": "2457a91552c99301a5432910121d9800a584f57521b4b4eade4e942160c5d5a3"
}