{
  "uid": "8e65b2f3-6b49-4cfe-a229-cbe767c12cc3",
  "hwid": "154724018377269",
  "total_clicks": 1.0060705764825301e+41,
  "click_power_level": 344,
  "faster_click_level": 228,
  "mini_clicker_count": 839,
  "rebirth_count": 1,
  "last_save": 1748113038.7305875,
  "hmac": "b997795dc8c4aac77415fe4dcc0552a931673c6120ce7a7ecc716503c2d4afda"
}