{
  "uid": "c89277cd-9256-4962-a88c-a3f2b0ec4e3e",
  "hwid": "154724018377269",
  "total_clicks": 56.65928919999992,
  "click_power_level": 0,
  "faster_click_level": 0,
  "mini_clicker_count": 27,
  "rebirth_count": 1,
  "last_save": 1748112914.8754828,
  "hmac": "9befa26efab208c22e5335076cadd337340a395d116a4c621983fcff35b5727f"
}