{
  "uid": "c89277cd-9256-4962-a88c-a3f2b0ec4e3e",
  "hwid": "154724018377269",
  "total_clicks": 2841.875240997938,
  "click_power_level": 22,
  "faster_click_level": 11,
  "mini_clicker_count": 85,
  "rebirth_count": 1,
  "last_save": 1748112921.9304957,
  "hmac": "9f694e3279cc9d0f85501ac4195fc03b0098841d2a78290a38718b7f8b2f09e8"
}