{
  "uid": "fbc3ea2b-fdd2-4e3b-8c2d-124364a0d713",
  "hwid": "154724018377269",
  "total_clicks": 27.99999999999999,
  "click_power_level": 0,
  "faster_click_level": 0,
  "mini_clicker_count": 0,
  "rebirth_count": 1,
  "last_save": 1748112800.187236,
  "hmac": "0ff947b00f35391f7b391e62fa379595b3cbbe56749eff883009403416ff9717"
}