{
  "uid": "fbc3ea2b-fdd2-4e3b-8c2d-124364a0d713",
  "hwid": "154724018377269",
  "total_clicks": 29.399999999999988,
  "click_power_level": 0,
  "faster_click_level": 0,
  "mini_clicker_count": 0,
  "rebirth_count": 1,
  "last_save": 1748112846.2644055,
  "hmac": "ff9312f4e55ac2b35e76d00f492e44ee96cf4ae61c660050cbdec77407173cff"
}