{
  "uid": "8cdde5c1-4df1-422d-9530-d45c18519c15",
  "hwid": "154724018377269",
  "total_clicks": 306.50559420000025,
  "click_power_level": 3,
  "faster_click_level": 1,
  "mini_clicker_count": 35,
  "rebirth_count": 0,
  "last_save": 1748112713.8342407,
  "hmac": "56249eab1d30fc7448e7ed250e22ae3991f2268396dcd1b05fd898c24960eedd"
}