{
  "uid": "8e65b2f3-6b49-4cfe-a229-cbe767c12cc3",
  "hwid": "154724018377269",
  "total_clicks": 72261225804.40132,
  "click_power_level": 89,
  "faster_click_level": 62,
  "mini_clicker_count": 161,
  "rebirth_count": 1,
  "last_save": 1748112958.182453,
  "hmac": "d3e808d6aad1259522c66f37ae94df525c45bcd85d14139055d9a54404b499c0"
}