{
  "uid": "8e65b2f3-6b49-4cfe-a229-cbe767c12cc3",
  "hwid": "154724018377269",
  "total_clicks": 2.2202856283783808e+45,
  "click_power_level": 396,
  "faster_click_level": 302,
  "mini_clicker_count": 1108,
  "rebirth_count": 1,
  "last_save": 1748113052.83445,
  "hmac": "7afc00789e1317b1a060cb25f5d5e52efd2f3576c29524d8f0c631044aa3f040"
}