{
  "uid": "8e65b2f3-6b49-4cfe-a229-cbe767c12cc3",
  "hwid": "154724018377269",
  "total_clicks": 1.6911905000561757e+46,
  "click_power_level": 399,
  "faster_click_level": 304,
  "mini_clicker_count": 1120,
  "rebirth_count": 1,
  "last_save": 1748113054.8573709,
  "hmac": "b3559e0bdc14a6655cf4d0da197e4b5e2ba224a68f425ae9e93e009e33247086"
}