{
  "uid": "8e65b2f3-6b49-4cfe-a229-cbe767c12cc3",
  "hwid": "154724018377269",
  "total_clicks": 1.0528505523258733e+20,
  "click_power_level": 190,
  "faster_click_level": 141,
  "mini_clicker_count": 544,
  "rebirth_count": 1,
  "last_save": 1748113000.4746227,
  "hmac": "b30b640f36f6c753f1ec3e516dad35d36c955d01d3443f45020c038bcc7cdd5b"
}