{
  "uid": "8e65b2f3-6b49-4cfe-a229-cbe767c12cc3",
  "hwid": "154724018377269",
  "total_clicks": 16912889.845731556,
  "click_power_level": 56,
  "faster_click_level": 36,
  "mini_clicker_count": 161,
  "rebirth_count": 1,
  "last_save": 1748112950.1396189,
  "hmac": "adfbcd7fe2ebcc0eafdef28da8877c5c4173966467bb74627aaf5fe31b1a5592"
}