{
  "uid": "8cdde5c1-4df1-422d-9530-d45c18519c15",
  "hwid": "154724018377269",
  "total_clicks": 16.777317700000054,
  "click_power_level": 3,
  "faster_click_level": 1,
  "mini_clicker_count": 35,
  "rebirth_count": 0,
  "last_save": 1748112700.7271771,
  "hmac": "b5bb5f5ebb9b9bedd741aff5a7bffb562c84715692b7af273a704d48d32b08d3"
}