{
  "uid": "8e65b2f3-6b49-4cfe-a229-cbe767c12cc3",
  "hwid": "154724018377269",
  "total_clicks": 1.1109800333727152e+34,
  "click_power_level": 284,
  "faster_click_level": 214,
  "mini_clicker_count": 782,
  "rebirth_count": 1,
  "last_save": 1748113025.6226692,
  "hmac": "9ebf21c7071adf311090c99f6f3d5d6440450036c10277ece49f86bb94cf1cd8"
}