{
  "uid": "8e65b2f3-6b49-4cfe-a229-cbe767c12cc3",
  "hwid": "154724018377269",
  "total_clicks": 5.629565838388968e+21,
  "click_power_level": 188,
  "faster_click_level": 140,
  "mini_clicker_count": 539,
  "rebirth_count": 1,
  "last_save": 1748112999.4583259,
  "hmac": "a57caabedc8b62d762931e246f9cb5bf3f277c1e8d55bff7b38dff3e577fce67"
}