{
  "uid": "fbc3ea2b-fdd2-4e3b-8c2d-124364a0d713",
  "hwid": "154724018377269",
  "total_clicks": 32.19999999999999,
  "click_power_level": 0,
  "faster_click_level": 0,
  "mini_clicker_count": 0,
  "rebirth_count": 1,
  "last_save": 1748112887.6373243,
  "hmac": "569eb417634d0f5ea72bea8b04d3ac81192ce3bb7ca4b0040333fcc956a00af0"
}