{
  "uid": "8e65b2f3-6b49-4cfe-a229-cbe767c12cc3",
  "hwid": "154724018377269",
  "total_clicks": 2.7668915516312622e+38,
  "click_power_level": 329,
  "faster_click_level": 228,
  "mini_clicker_count": 839,
  "rebirth_count": 1,
  "last_save": 1748113035.7144542,
  "hmac": "9b157e808bc5fe20e17efc625116e32f8015cad245b2d68e13a49d5a1b96f585"
}