{
  "uid": "fbc3ea2b-fdd2-4e3b-8c2d-124364a0d713",
  "hwid": "154724018377269",
  "total_clicks": 187.60000000000045,
  "click_power_level": 0,
  "faster_click_level": 0,
  "mini_clicker_count": 0,
  "rebirth_count": 1,
  "last_save": 1748112906.8003185,
  "hmac": "dc5daf8351f0e4b91a21d11d175b470ef7eafebb20e233caeb3d16414004f27b"
}