{
  "uid": "8e65b2f3-6b49-4cfe-a229-cbe767c12cc3",
  "hwid": "154724018377269",
  "total_clicks": 5.992872220499585e+20,
  "click_power_level": 175,
  "faster_click_level": 130,
  "mini_clicker_count": 505,
  "rebirth_count": 1,
  "last_save": 1748112992.418029,
  "hmac": "b4cfd19d94dac748a04e837199a3c118be5f1e67abbf4886aca6f68dacffb239"
}