{
  "uid": "8cdde5c1-4df1-422d-9530-d45c18519c15",
  "hwid": "154724018377269",
  "total_clicks": 255.87463069999924,
  "click_power_level": 3,
  "faster_click_level": 1,
  "mini_clicker_count": 35,
  "rebirth_count": 0,
  "last_save": 1748112711.8201373,
  "hmac": "d3477ac8a5c0982dfad6a838cc5d549a4977cfca15f0c3f0ab5d6c84cc78eed2"
}