{
  "uid": "8e65b2f3-6b49-4cfe-a229-cbe767c12cc3",
  "hwid": "154724018377269",
  "total_clicks": 3.5648164552002118e+19,
  "click_power_level": 164,
  "faster_click_level": 121,
  "mini_clicker_count": 395,
  "rebirth_count": 1,
  "last_save": 1748112986.3752704,
  "hmac": "e6202ae374c6ef0fd5cc7adf42fe25f368a950d607fe1344b9f1e4abe1a09046"
}