{
  "uid": "8cdde5c1-4df1-422d-9530-d45c18519c15",
  "hwid": "154724018377269",
  "total_clicks": 47.693142000000265,
  "click_power_level": 3,
  "faster_click_level": 1,
  "mini_clicker_count": 29,
  "rebirth_count": 0,
  "last_save": 1748112693.6701005,
  "hmac": "d5c20429de19c0cd6002effc355888885f9a4268f73f55fd1c1634351f619e21"
}