{
  "uid": "fbc3ea2b-fdd2-4e3b-8c2d-124364a0d713",
  "hwid": "154724018377269",
  "total_clicks": 4.199999999999999,
  "click_power_level": 0,
  "faster_click_level": 0,
  "mini_clicker_count": 0,
  "rebirth_count": 1,
  "last_save": 1748112771.3032343,
  "hmac": "b83afdbe32da5cddef75564792a40e7682ffa35f10e51d5d383d3a7720514ba0"
}