{
  "uid": "8e65b2f3-6b49-4cfe-a229-cbe767c12cc3",
  "hwid": "154724018377269",
  "total_clicks": 666.4460858422748,
  "click_power_level": 17,
  "faster_click_level": 3,
  "mini_clicker_count": 38,
  "rebirth_count": 1,
  "last_save": 1748112939.0505042,
  "hmac": "3fe4acde4bbfc7deac6c05f50eacf1851275a460e774c686e5d65a9f985024cb"
}