{
  "uid": "fbc3ea2b-fdd2-4e3b-8c2d-124364a0d713",
  "hwid": "154724018377269",
  "total_clicks": 29.399999999999988,
  "click_power_level": 0,
  "faster_click_level": 0,
  "mini_clicker_count": 0,
  "rebirth_count": 1,
  "last_save": 1748112861.3935502,
  "hmac": "cedbe9c50333907400a552137a527b58df062bb0beb5d34cf6100cec38df2e02"
}