{
  "uid": "fbc3ea2b-fdd2-4e3b-8c2d-124364a0d713",
  "hwid": "154724018377269",
  "total_clicks": 119.00000000000018,
  "click_power_level": 0,
  "faster_click_level": 0,
  "mini_clicker_count": 0,
  "rebirth_count": 1,
  "last_save": 1748112905.7911882,
  "hmac": "6c68d273302c0ca14c5756dfb2a1cc7dc976c0fcb1cb0aa6dcc76c1a22a1e45b"
}