{
  "uid": "8cdde5c1-4df1-422d-9530-d45c18519c15",
  "hwid": "154724018377269",
  "total_clicks": 81.98867170000035,
  "click_power_level": 3,
  "faster_click_level": 1,
  "mini_clicker_count": 35,
  "rebirth_count": 0,
  "last_save": 1748112705.7792056,
  "hmac": "61337bfc418ff037749020830005bbd776ec509f5caa1a686f7ed977b30c9ddc"
}