{
  "uid": "8e65b2f3-6b49-4cfe-a229-cbe767c12cc3",
  "hwid": "154724018377269",
  "total_clicks": 2.0773487584182533e+49,
  "click_power_level": 431,
  "faster_click_level": 329,
  "mini_clicker_count": 1208,
  "rebirth_count": 1,
  "last_save": 1748113073.0005913,
  "hmac": "4466478e3169939a4944d77dabd29c73e4dd9fd1a0d9aef4b4f5b1e876d1f24b"
}