{
  "uid": "8e65b2f3-6b49-4cfe-a229-cbe767c12cc3",
  "hwid": "154724018377269",
  "total_clicks": 1.8741529392807363e+35,
  "click_power_level": 302,
  "faster_click_level": 228,
  "mini_clicker_count": 839,
  "rebirth_count": 1,
  "last_save": 1748113031.6670976,
  "hmac": "760a217c9d5ed3fc3b239760d504da0e362f2ec8e2fe988663e0f543950d007b"
}