{
  "uid": "8cdde5c1-4df1-422d-9530-d45c18519c15",
  "hwid": "154724018377269",
  "total_clicks": 149.1278932000003,
  "click_power_level": 3,
  "faster_click_level": 1,
  "mini_clicker_count": 35,
  "rebirth_count": 0,
  "last_save": 1748112708.796337,
  "hmac": "fa1fd1d41322b527f03ee4aacdc4029b3113a2a4af7ad5966298520d7acda5a1"
}