{
  "uid": "8e65b2f3-6b49-4cfe-a229-cbe767c12cc3",
  "hwid": "154724018377269",
  "total_clicks": 4329379.261990647,
  "click_power_level": 46,
  "faster_click_level": 32,
  "mini_clicker_count": 160,
  "rebirth_count": 1,
  "last_save": 1748112948.1233938,
  "hmac": "bc16424864fa3c38f549cf216d78e9fbe6df1d575f24f5ba69b5865df03ba110"
}