{
  "uid": "fbc3ea2b-fdd2-4e3b-8c2d-124364a0d713",
  "hwid": "154724018377269",
  "total_clicks": 37.79999999999998,
  "click_power_level": 0,
  "faster_click_level": 0,
  "mini_clicker_count": 0,
  "rebirth_count": 1,
  "last_save": 1748112894.6964924,
  "hmac": "4362a3f975e0b4b4a6de730c948eb14c7592b844fa0cf055687582b56e65a28a"
}