{
  "uid": "8e65b2f3-6b49-4cfe-a229-cbe767c12cc3",
  "hwid": "154724018377269",
  "total_clicks": 1.412887122130761e+31,
  "click_power_level": 260,
  "faster_click_level": 200,
  "mini_clicker_count": 555,
  "rebirth_count": 1,
  "last_save": 1748113014.5521977,
  "hmac": "796b6ef02a031a2cb5bc4db8acc207992f44d02ddf312bca8024c7148e9d9166"
}