{
  "uid": "8cdde5c1-4df1-422d-9530-d45c18519c15",
  "hwid": "154724018377269",
  "total_clicks": 26.756091700000013,
  "click_power_level": 3,
  "faster_click_level": 1,
  "mini_clicker_count": 35,
  "rebirth_count": 0,
  "last_save": 1748112701.7389834,
  "hmac": "97adbc85f2d3e0fe4c70acef2742aa92246ba38779312575dcafaa9ca9db157d"
}