{
  "uid": "12d17fdc-95d7-404a-ab81-30e418209711",
  "hwid": "154724018377269",
  "total_clicks": 34.999999999999986,
  "click_power_level": 0,
  "faster_click_level": 0,
  "mini_clicker_count": 0,
  "rebirth_count": 1,
  "last_save": 1748113076.0048282,
  "hmac": "157cc82138288ff464083442b4d8c5e5e0cdc92f1ae006b454b4d51b91e6d97f"
}