{
  "uid": "fbc3ea2b-fdd2-4e3b-8c2d-124364a0d713",
  "hwid": "154724018377269",
  "total_clicks": 50.39999999999997,
  "click_power_level": 0,
  "faster_click_level": 0,
  "mini_clicker_count": 0,
  "rebirth_count": 1,
  "last_save": 1748112904.7796097,
  "hmac": "c685b1c2971d66e3c9ee011373c6441aea8ec467b0dd308717ee2675b5e27b2f"
}