{
  "uid": "fbc3ea2b-fdd2-4e3b-8c2d-124364a0d713",
  "hwid": "154724018377269",
  "total_clicks": 4.199999999999999,
  "click_power_level": 0,
  "faster_click_level": 0,
  "mini_clicker_count": 0,
  "rebirth_count": 1,
  "last_save": 1748112769.2821226,
  "hmac": "4286961c7ff72a324119803bb683aa74de6a5e39a225b12a025c18d0b81e98b0"
}