{
  "uid": "8cdde5c1-4df1-422d-9530-d45c18519c15",
  "hwid": "154724018377269",
  "total_clicks": 16.37913200000024,
  "click_power_level": 3,
  "faster_click_level": 1,
  "mini_clicker_count": 29,
  "rebirth_count": 0,
  "last_save": 1748112692.659099,
  "hmac": "8911ce1a1b70aa67b715ebdf2a0ab4cfa94e42e0d384463b7e7c108021799be9"
}