{
  "uid": "fbc3ea2b-fdd2-4e3b-8c2d-124364a0d713",
  "hwid": "154724018377269",
  "total_clicks": 32.19999999999999,
  "click_power_level": 0,
  "faster_click_level": 0,
  "mini_clicker_count": 0,
  "rebirth_count": 1,
  "last_save": 1748112885.6192873,
  "hmac": "f8ece0a972cb3272dc5076b88afeb3af3364486d87e3ef8064e4580fecf609ea"
}