{
  "uid": "fbc3ea2b-fdd2-4e3b-8c2d-124364a0d713",
  "hwid": "154724018377269",
  "total_clicks": 4.199999999999999,
  "click_power_level": 0,
  "faster_click_level": 0,
  "mini_clicker_count": 0,
  "rebirth_count": 1,
  "last_save": 1748112772.3184173,
  "hmac": "246da58c6c1f0dc1fc42af51355b958cf12f717d1bbaa904f102caed8f4fea4f"
}