{
  "uid": "fbc3ea2b-fdd2-4e3b-8c2d-124364a0d713",
  "hwid": "154724018377269",
  "total_clicks": 30.799999999999986,
  "click_power_level": 0,
  "faster_click_level": 0,
  "mini_clicker_count": 0,
  "rebirth_count": 1,
  "last_save": 1748112875.5353887,
  "hmac": "37b74e72068eebac42b4651f23b1fcb11730d6bdc8bdb0c3a61b6f0cb7292298"
}