{
  "uid": "8cdde5c1-4df1-422d-9530-d45c18519c15",
  "hwid": "154724018377269",
  "total_clicks": 136.09760568056132,
  "click_power_level": 12,
  "faster_click_level": 3,
  "mini_clicker_count": 50,
  "rebirth_count": 0,
  "last_save": 1748112734.9821367,
  "hmac": "3f2c7e3c2bbbebad61cda7520297fa5cf8ff042f102e6ebdd4b9f880d295671c"
}