{
  "uid": "8cdde5c1-4df1-422d-9530-d45c18519c15",
  "hwid": "154724018377269",
  "total_clicks": 19.856297825371357,
  "click_power_level": 12,
  "faster_click_level": 3,
  "mini_clicker_count": 53,
  "rebirth_count": 0,
  "last_save": 1748112737.001937,
  "hmac": "3bf16f932abdb88ac2831cd3a28c36ac0aa73eb0500379941fa2ef2ff181f8b8"
}