{
  "uid": "fbc3ea2b-fdd2-4e3b-8c2d-124364a0d713",
  "hwid": "154724018377269",
  "total_clicks": 27.99999999999999,
  "click_power_level": 0,
  "faster_click_level": 0,
  "mini_clicker_count": 0,
  "rebirth_count": 1,
  "last_save": 1748112809.239365,
  "hmac": "e346e56119eb2b3521976a18894538961a3c716a6cef483aaaa59a0f82bdfdbb"
}