{
  "uid": "5f3ba399-d74d-496a-bfb0-65147bce1b58",
  "hwid": "154724018377269",
  "total_clicks": 1096.9012000000112,
  "click_power_level": 2,
  "faster_click_level": 2,
  "mini_clicker_count": 2,
  "rebirth_count": 0,
  "last_save": 1748112559.090229,
  "hmac": "be60c0a0c688871e6342ad3c87d74b846586ad7ffbc61eb89e561858c63d611b"
}