{
  "uid": "8e65b2f3-6b49-4cfe-a229-cbe767c12cc3",
  "hwid": "154724018377269",
  "total_clicks": 2.5708834226503453e+47,
  "click_power_level": 411,
  "faster_click_level": 314,
  "mini_clicker_count": 1154,
  "rebirth_count": 1,
  "last_save": 1748113061.896513,
  "hmac": "15ff808c27d2290670d38ebcc8c6c2ad9596298c958e47ec331a621a8da3632e"
}