{
  "uid": "fbc3ea2b-fdd2-4e3b-8c2d-124364a0d713",
  "hwid": "154724018377269",
  "total_clicks": 20.999999999999996,
  "click_power_level": 0,
  "faster_click_level": 0,
  "mini_clicker_count": 0,
  "rebirth_count": 1,
  "last_save": 1748112788.4945054,
  "hmac": "9919fb375eb7f36370157ae3b9c18cecc12f25338e724846c4fee7649308ef7f"
}