{
  "uid": "8e65b2f3-6b49-4cfe-a229-cbe767c12cc3",
  "hwid": "154724018377269",
  "total_clicks": 496978939.1649976,
  "click_power_level": 72,
  "faster_click_level": 50,
  "mini_clicker_count": 161,
  "rebirth_count": 1,
  "last_save": 1748112954.161633,
  "hmac": "fd2ca35880917bf735024857731d2992f78dbdcc164b3f6fbb28753d7e81de0e"
}