{
  "uid": "8e65b2f3-6b49-4cfe-a229-cbe767c12cc3",
  "hwid": "154724018377269",
  "total_clicks": 3.8431064063465364e+36,
  "click_power_level": 316,
  "faster_click_level": 228,
  "mini_clicker_count": 839,
  "rebirth_count": 1,
  "last_save": 1748113033.691523,
  "hmac": "10d913be8fd958c2fdee682c56f16fcd9bd4afe4f826b444eb92f923f5e932a3"
}