{
  "uid": "12d17fdc-95d7-404a-ab81-30e418209711",
  "hwid": "154724018377269",
  "total_clicks": 123589856259.38785,
  "click_power_level": 76,
  "faster_click_level": 53,
  "mini_clicker_count": 142,
  "rebirth_count": 1,
  "last_save": 1748113093.097665,
  "hmac": "75a15b1b033d23b027815403f959274b4113817756b80841b4c05cf3ba853132"
}