{
  "uid": "8e65b2f3-6b49-4cfe-a229-cbe767c12cc3",
  "hwid": "154724018377269",
  "total_clicks": 4.2106695070862625e+21,
  "click_power_level": 184,
  "faster_click_level": 137,
  "mini_clicker_count": 530,
  "rebirth_count": 1,
  "last_save": 1748112997.446513,
  "hmac": "49de46d30a64cfe5905a0c1e599e2520ad7f6acb5092249d5fc3c5af613b3303"
}