{
  "uid": "8e65b2f3-6b49-4cfe-a229-cbe767c12cc3",
  "hwid": "154724018377269",
  "total_clicks": 1.1832453539071245e+24,
  "click_power_level": 205,
  "faster_click_level": 144,
  "mini_clicker_count": 555,
  "rebirth_count": 1,
  "last_save": 1748113004.4985738,
  "hmac": "2f9eb08d7a2619987bb8775f075ceb6256edd6b3b92a6dcfe1514b74bcce8c84"
}