{
  "uid": "8cdde5c1-4df1-422d-9530-d45c18519c15",
  "hwid": "154724018377269",
  "total_clicks": 94.09524020000038,
  "click_power_level": 3,
  "faster_click_level": 1,
  "mini_clicker_count": 35,
  "rebirth_count": 0,
  "last_save": 1748112706.7811298,
  "hmac": "3da776865f1afb528541f6e2927e9b33ff8f4659bd21d93ff5900575c7e72b03"
}