{
  "uid": "8e65b2f3-6b49-4cfe-a229-cbe767c12cc3",
  "hwid": "154724018377269",
  "total_clicks": 4.090283300000211,
  "click_power_level": 4,
  "faster_click_level": 1,
  "mini_clicker_count": 31,
  "rebirth_count": 1,
  "last_save": 1748112936.0433447,
  "hmac": "912769eeb73d8d36fcf5b75a8178a2f4d8c44f16a6ed7f19445e9335099b507c"
}