{
  "uid": "8cdde5c1-4df1-422d-9530-d45c18519c15",
  "hwid": "154724018377269",
  "total_clicks": 1120.251469134177,
  "click_power_level": 12,
  "faster_click_level": 3,
  "mini_clicker_count": 53,
  "rebirth_count": 0,
  "last_save": 1748112749.1155105,
  "hmac": "6a8fa6a645b6a69d034f7c0955672e8891ae7e3e7a2d530d6f10a8944fafed71"
}