{
  "uid": "8cdde5c1-4df1-422d-9530-d45c18519c15",
  "hwid": "154724018377269",
  "total_clicks": 26.583999999999996,
  "click_power_level": 3,
  "faster_click_level": 0,
  "mini_clicker_count": 0,
  "rebirth_count": 0,
  "last_save": 1748112678.5232582,
  "hmac": "3894f138e484ca7bbad02802d9ce7d6f8cac38a8280d5833bbf45cd868cbdd3e"
}