{
  "uid": "8e65b2f3-6b49-4cfe-a229-cbe767c12cc3",
  "hwid": "154724018377269",
  "total_clicks": 4.134087718262618e+24,
  "click_power_level": 212,
  "faster_click_level": 144,
  "mini_clicker_count": 555,
  "rebirth_count": 1,
  "last_save": 1748113005.5042574,
  "hmac": "31184689216836309c72fceffc417efd18e0fdfeb677078169d9a454b9c189cc"
}