{
  "uid": "fbc3ea2b-fdd2-4e3b-8c2d-124364a0d713",
  "hwid": "154724018377269",
  "total_clicks": 37.79999999999998,
  "click_power_level": 0,
  "faster_click_level": 0,
  "mini_clicker_count": 0,
  "rebirth_count": 1,
  "last_save": 1748112903.7654996,
  "hmac": "32c3ad836100ac9c8118f2773bafa52528f05d446c158624899f0f70f8443dfc"
}