{
  "uid": "8e65b2f3-6b49-4cfe-a229-cbe767c12cc3",
  "hwid": "154724018377269",
  "total_clicks": 143.94083416711845,
  "click_power_level": 11,
  "faster_click_level": 2,
  "mini_clicker_count": 38,
  "rebirth_count": 1,
  "last_save": 1748112938.0494158,
  "hmac": "995489d9eb14a336872c7a245bcd09dd70b4ba008759b553337f8276dcdc7d99"
}