{
  "uid": "8e65b2f3-6b49-4cfe-a229-cbe767c12cc3",
  "hwid": "154724018377269",
  "total_clicks": 4.561294180375528e+20,
  "click_power_level": 179,
  "faster_click_level": 133,
  "mini_clicker_count": 515,
  "rebirth_count": 1,
  "last_save": 1748112994.4314291,
  "hmac": "3e03a1a3d76fe068f33cd513d8b67212a765f39233dcde36e24119284a8faeac"
}