{
  "uid": "8cdde5c1-4df1-422d-9530-d45c18519c15",
  "hwid": "154724018377269",
  "total_clicks": 43.35662370000007,
  "click_power_level": 3,
  "faster_click_level": 1,
  "mini_clicker_count": 35,
  "rebirth_count": 0,
  "last_save": 1748112702.755289,
  "hmac": "f5b9fc1d7b5cbda9ecbfffbe63e4c77c97fab220397a03d9895d45bb329fc4b0"
}