{
  "uid": "fbc3ea2b-fdd2-4e3b-8c2d-124364a0d713",
  "hwid": "154724018377269",
  "total_clicks": 27.99999999999999,
  "click_power_level": 0,
  "faster_click_level": 0,
  "mini_clicker_count": 0,
  "rebirth_count": 1,
  "last_save": 1748112810.2503984,
  "hmac": "3bf23dde84bfc7e126b7f5226332a2da56cb85400e7c4b4299e8b8d42cd0c594"
}