{
  "uid": "8e65b2f3-6b49-4cfe-a229-cbe767c12cc3",
  "hwid": "154724018377269",
  "total_clicks": 5.560604950475982e+19,
  "click_power_level": 170,
  "faster_click_level": 126,
  "mini_clicker_count": 491,
  "rebirth_count": 1,
  "last_save": 1748112989.4064786,
  "hmac": "f28a2b17aff8fde69c4d87482d531ea3dc02e613c222127cfec9b8389727e99d"
}