{
  "uid": "fbc3ea2b-fdd2-4e3b-8c2d-124364a0d713",
  "hwid": "154724018377269",
  "total_clicks": 27.99999999999999,
  "click_power_level": 0,
  "faster_click_level": 0,
  "mini_clicker_count": 0,
  "rebirth_count": 1,
  "last_save": 1748112802.2033236,
  "hmac": "aa2a042a7b6adf30e2249ad3fd6b2f411d3637b7963521422f7374ffdc7db803"
}