{
  "uid": "fbc3ea2b-fdd2-4e3b-8c2d-124364a0d713",
  "hwid": "154724018377269",
  "total_clicks": 281.6697841000005,
  "click_power_level": 7,
  "faster_click_level": 0,
  "mini_clicker_count": 0,
  "rebirth_count": 1,
  "last_save": 1748112907.8042247,
  "hmac": "09389b98ef7caa905368a286fad2d7b5279fd10bfc5c32f7af0409e590f78b52"
}