{
  "uid": "8cdde5c1-4df1-422d-9530-d45c18519c15",
  "hwid": "154724018377269",
  "total_clicks": 59.410141115371374,
  "click_power_level": 12,
  "faster_click_level": 3,
  "mini_clicker_count": 53,
  "rebirth_count": 0,
  "last_save": 1748112739.011772,
  "hmac": "e7b2f46a3348908b5dd554cd381262ade12d1733bcd80a0c5bbd73f6f2d337fc"
}