{
  "uid": "8cdde5c1-4df1-422d-9530-d45c18519c15",
  "hwid": "154724018377269",
  "total_clicks": 143.02500000000012,
  "click_power_level": 3,
  "faster_click_level": 0,
  "mini_clicker_count": 0,
  "rebirth_count": 0,
  "last_save": 1748112683.5591128,
  "hmac": "73a0b6285210917441c2c955b2ce1905c0969b2d65f64c4ad38d5ddba66018ae"
}