{
  "uid": "8e65b2f3-6b49-4cfe-a229-cbe767c12cc3",
  "hwid": "154724018377269",
  "total_clicks": 7.709239023084701e+27,
  "click_power_level": 239,
  "faster_click_level": 144,
  "mini_clicker_count": 555,
  "rebirth_count": 1,
  "last_save": 1748113009.5373714,
  "hmac": "3ddcbf1aa5610768485727042522b9affd92ed909b99afe2d02ca64e90272020"
}