{
  "uid": "8e65b2f3-6b49-4cfe-a229-cbe767c12cc3",
  "hwid": "154724018377269",
  "total_clicks": 1.5611960409045223e+45,
  "click_power_level": 391,
  "faster_click_level": 298,
  "mini_clicker_count": 1008,
  "rebirth_count": 1,
  "last_save": 1748113050.8179183,
  "hmac": "48591c204686b22e5d8e0ff9b37f9f8b1ccfec4cd9b2bfb95d3eeadbc05a9999"
}