{
  "uid": "12d17fdc-95d7-404a-ab81-30e418209711",
  "hwid": "154724018377269",
  "total_clicks": 149.0441057803785,
  "click_power_level": 17,
  "faster_click_level": 0,
  "mini_clicker_count": 0,
  "rebirth_count": 1,
  "last_save": 1748113079.0173452,
  "hmac": "291e25774e58859197e8028a04056fe68db7352fc84b0e7eccab5955b3ade218"
}