{
  "uid": "8e65b2f3-6b49-4cfe-a229-cbe767c12cc3",
  "hwid": "154724018377269",
  "total_clicks": 2.1287972389579326e+44,
  "click_power_level": 383,
  "faster_click_level": 291,
  "mini_clicker_count": 886,
  "rebirth_count": 1,
  "last_save": 1748113048.7896101,
  "hmac": "f2feb382328cb874de1ac0822a4362b8b2a8b8ce7ddb19845619a6e6932ea7d9"
}