{
  "uid": "8e65b2f3-6b49-4cfe-a229-cbe767c12cc3",
  "hwid": "154724018377269",
  "total_clicks": 2.0333511049043873e+34,
  "click_power_level": 294,
  "faster_click_level": 220,
  "mini_clicker_count": 810,
  "rebirth_count": 1,
  "last_save": 1748113027.6385193,
  "hmac": "52384676e2a3725fa7c728578b43e492db8f01531d8d1e465c5719566d45232f"
}