{
  "uid": "8e65b2f3-6b49-4cfe-a229-cbe767c12cc3",
  "hwid": "154724018377269",
  "total_clicks": 2.281993089780818e+21,
  "click_power_level": 183,
  "faster_click_level": 135,
  "mini_clicker_count": 525,
  "rebirth_count": 1,
  "last_save": 1748112996.4434264,
  "hmac": "0a3b8d0322e858af2e183a1eecf986306a329f2abbdc20872cd69ed0c73d9f62"
}