{
  "uid": "fbc3ea2b-fdd2-4e3b-8c2d-124364a0d713",
  "hwid": "154724018377269",
  "total_clicks": 1176.5316972365908,
  "click_power_level": 19,
  "faster_click_level": 8,
  "mini_clicker_count": 0,
  "rebirth_count": 1,
  "last_save": 1748112910.8324924,
  "hmac": "3b49c328158dfa4995f1902c948cbfbfc3e52cae1330efd04716ae6b96b3cbb1"
}