{
  "uid": "e99531ac-f9c9-4bac-beb1-f205c580e1a5",
  "hwid": "154724018377269",
  "total_clicks": 1018.3941999999973,
  "click_power_level": 2,
  "faster_click_level": 2,
  "mini_clicker_count": 2,
  "rebirth_count": 0,
  "last_save": 1748112561.1015117,
  "hmac": "8eeadb1f66d82d6bc99ff0806ffb2bcc1b8818ee3ce840294c6675547b5235f0"
}