{
  "uid": "8cdde5c1-4df1-422d-9530-d45c18519c15",
  "hwid": "154724018377269",
  "total_clicks": 218.65237217600168,
  "click_power_level": 9,
  "faster_click_level": 1,
  "mini_clicker_count": 35,
  "rebirth_count": 0,
  "last_save": 1748112721.8829825,
  "hmac": "7bfc9bd2f92c179fc1f90a81212bdc9b692123925e43df8fb038aaaf077362d5"
}