{
  "uid": "fbc3ea2b-fdd2-4e3b-8c2d-124364a0d713",
  "hwid": "154724018377269",
  "total_clicks": 37.79999999999998,
  "click_power_level": 0,
  "faster_click_level": 0,
  "mini_clicker_count": 0,
  "rebirth_count": 1,
  "last_save": 1748112902.7645664,
  "hmac": "b6f6383c3f7b1a3621f7ed77cdd7e3b51d9fa802c190075e1dc607fcdf2661a4"
}