{
  "uid": "8e65b2f3-6b49-4cfe-a229-cbe767c12cc3",
  "hwid": "154724018377269",
  "total_clicks": 3.5741654277640044e+49,
  "click_power_level": 427,
  "faster_click_level": 326,
  "mini_clicker_count": 1198,
  "rebirth_count": 1,
  "last_save": 1748113070.9784913,
  "hmac": "6c84d217e9aeac89ae800dafc3e20c53ac630915f0e803d9fe03ee69aa116685"
}