{
  "uid": "8e65b2f3-6b49-4cfe-a229-cbe767c12cc3",
  "hwid": "154724018377269",
  "total_clicks": 2803168.21429788,
  "click_power_level": 46,
  "faster_click_level": 32,
  "mini_clicker_count": 157,
  "rebirth_count": 1,
  "last_save": 1748112947.1175203,
  "hmac": "8a60a0d9d064c1997b341056b223b06770e88449dd2513c03d6b024e90118019"
}