{
  "uid": "8e65b2f3-6b49-4cfe-a229-cbe767c12cc3",
  "hwid": "154724018377269",
  "total_clicks": 1347980.4669760026,
  "click_power_level": 46,
  "faster_click_level": 31,
  "mini_clicker_count": 38,
  "rebirth_count": 1,
  "last_save": 1748112944.0802052,
  "hmac": "5338946cd5c520b7cbb8d8dff8c0a6b5dc1ff59c15ef92c91a4e80ad55f83fef"
}