{
  "uid": "8e65b2f3-6b49-4cfe-a229-cbe767c12cc3",
  "hwid": "154724018377269",
  "total_clicks": 8.042046453504331e+30,
  "click_power_level": 260,
  "faster_click_level": 200,
  "mini_clicker_count": 751,
  "rebirth_count": 1,
  "last_save": 1748113018.5726273,
  "hmac": "60308db3068a05ac1ad08c75fd4269c0247ef309e9d8ca9a18b1a209ca7e3e59"
}