{
  "uid": "8e65b2f3-6b49-4cfe-a229-cbe767c12cc3",
  "hwid": "154724018377269",
  "total_clicks": 8.28526980337543e+31,
  "click_power_level": 260,
  "faster_click_level": 200,
  "mini_clicker_count": 731,
  "rebirth_count": 1,
  "last_save": 1748113017.5686634,
  "hmac": "4ec44f586ea55280f0010712dd4e32392e8e17bada91f8918231f0da320efbde"
}