{
  "uid": "fbc3ea2b-fdd2-4e3b-8c2d-124364a0d713",
  "hwid": "154724018377269",
  "total_clicks": 30.799999999999986,
  "click_power_level": 0,
  "faster_click_level": 0,
  "mini_clicker_count": 0,
  "rebirth_count": 1,
  "last_save": 1748112863.4219418,
  "hmac": "1f440971ccf742e9e374cbe0013c9e787e63fba3ea71f046e0ce178ae9b18f80"
}