{
  "uid": "fbc3ea2b-fdd2-4e3b-8c2d-124364a0d713",
  "hwid": "154724018377269",
  "total_clicks": 20.999999999999996,
  "click_power_level": 0,
  "faster_click_level": 0,
  "mini_clicker_count": 0,
  "rebirth_count": 1,
  "last_save": 1748112787.4803605,
  "hmac": "b8f75dc7e01dd1c49ef86679ff6db75da1fd3591ed7dbac3881c5d507f4e4947"
}