{
  "uid": "8e65b2f3-6b49-4cfe-a229-cbe767c12cc3",
  "hwid": "154724018377269",
  "total_clicks": 7.882847597672395e+49,
  "click_power_level": 433,
  "faster_click_level": 331,
  "mini_clicker_count": 1212,
  "rebirth_count": 1,
  "last_save": 1748113074.00239,
  "hmac": "40b8b7169bc66cedb3bf5627b6fa1aa7be25e8ac99ad53b50c2bebcc49f3f5b5"
}