{
  "uid": "c89277cd-9256-4962-a88c-a3f2b0ec4e3e",
  "hwid": "154724018377269",
  "total_clicks": 19.599999999999998,
  "click_power_level": 0,
  "faster_click_level": 0,
  "mini_clicker_count": 0,
  "rebirth_count": 1,
  "last_save": 1748112912.850585,
  "hmac": "1db429b89cad3ccdb3fa25c14ce6fa6df44f4078106b4e9221ca4fefcae88648"
}