{
  "uid": "8cdde5c1-4df1-422d-9530-d45c18519c15",
  "hwid": "154724018377269",
  "total_clicks": 179.07247905700203,
  "click_power_level": 9,
  "faster_click_level": 1,
  "mini_clicker_count": 35,
  "rebirth_count": 0,
  "last_save": 1748112720.873152,
  "hmac": "6a60a36eb43156c28da19d7544da68fce44b567a252d8805752dc90a6387f3b3"
}