{
  "uid": "8e65b2f3-6b49-4cfe-a229-cbe767c12cc3",
  "hwid": "154724018377269",
  "total_clicks": 3.0913782504888213e+34,
  "click_power_level": 296,
  "faster_click_level": 228,
  "mini_clicker_count": 839,
  "rebirth_count": 1,
  "last_save": 1748113030.665308,
  "hmac": "fa8f72f5a724ff40e3b446e3119214033c4e26f517a24237a3cacabf5f40a430"
}