{
  "uid": "39924f82-4012-42bc-8290-82dc0ce949f3",
  "hwid": "154724018377269",
  "total_clicks": 110.65999999999912,
  "click_power_level": 0,
  "faster_click_level": 0,
  "mini_clicker_count": 0,
  "rebirth_count": 0,
  "last_save": 1748112395.6550243
}