{
  "uid": "8cdde5c1-4df1-422d-9530-d45c18519c15",
  "hwid": "154724018377269",
  "total_clicks": 329.72019470000225,
  "click_power_level": 3,
  "faster_click_level": 1,
  "mini_clicker_count": 35,
  "rebirth_count": 0,
  "last_save": 1748112716.8524604,
  "hmac": "4688af50952c775a8482b2131a822538d159d8714242668fc4917e7b253a6c12"
}