{
  "uid": "8cdde5c1-4df1-422d-9530-d45c18519c15",
  "hwid": "154724018377269",
  "total_clicks": 125.82259006333356,
  "click_power_level": 12,
  "faster_click_level": 3,
  "mini_clicker_count": 53,
  "rebirth_count": 0,
  "last_save": 1748112740.0180666,
  "hmac": "54ed99575988f2020f12a646ec3cf59086e568b785fc0668dcdcf1261af39cf7"
}