{
  "uid": "8e65b2f3-6b49-4cfe-a229-cbe767c12cc3",
  "hwid": "154724018377269",
  "total_clicks": 1.3042229030862834e+48,
  "click_power_level": 416,
  "faster_click_level": 318,
  "mini_clicker_count": 1169,
  "rebirth_count": 1,
  "last_save": 1748113064.914026,
  "hmac": "2dccf83001883fb531f175db2c67d2c90cef1ddac28dbe75af820358df321a77"
}