{
  "uid": "8e65b2f3-6b49-4cfe-a229-cbe767c12cc3",
  "hwid": "154724018377269",
  "total_clicks": 1.2218056784203214e+21,
  "click_power_level": 181,
  "faster_click_level": 134,
  "mini_clicker_count": 520,
  "rebirth_count": 1,
  "last_save": 1748112995.4383879,
  "hmac": "382b6dcefb60be345f06bccc11f41fba416a6e7016463c70645cbbb8d8711ca5"
}