{
  "uid": "7e4e71ea-90c6-4181-a8f7-c4ac4cd2fb05",
  "hwid": "154724018377269",
  "total_clicks": 1087.9516000000103,
  "click_power_level": 2,
  "faster_click_level": 2,
  "mini_clicker_count": 2,
  "rebirth_count": 0,
  "last_save": 1748112541.986918,
  "hmac": "64aaffe869af8a2ba34f239991c35f7c0942503e2f61c36f9acb5f7d74467183"
}