{
  "uid": "8e65b2f3-6b49-4cfe-a229-cbe767c12cc3",
  "hwid": "154724018377269",
  "total_clicks": 171164.1513456707,
  "click_power_level": 37,
  "faster_click_level": 3,
  "mini_clicker_count": 38,
  "rebirth_count": 1,
  "last_save": 1748112942.070174,
  "hmac": "92e2eeca5d1e351639147318fc37fcb15a171292a0634a9e45f4fc53d6f8c37d"
}