{
  "uid": "8e65b2f3-6b49-4cfe-a229-cbe767c12cc3",
  "hwid": "154724018377269",
  "total_clicks": 1.9195568785966402e+30,
  "click_power_level": 259,
  "faster_click_level": 146,
  "mini_clicker_count": 555,
  "rebirth_count": 1,
  "last_save": 1748113012.5485294,
  "hmac": "3c8a35c0a07e5d5b32a14fc0d46eed1576db53940d727de1888b3e4ac507dfbe"
}