{
  "uid": "fbc3ea2b-fdd2-4e3b-8c2d-124364a0d713",
  "hwid": "154724018377269",
  "total_clicks": 27.99999999999999,
  "click_power_level": 0,
  "faster_click_level": 0,
  "mini_clicker_count": 0,
  "rebirth_count": 1,
  "last_save": 1748112819.3134067,
  "hmac": "961f9a441d675a5656ee0ea4f76914a528b8fb300a05078b2f5cecd95cfd45f8"
}