{
  "uid": "7e4e71ea-90c6-4181-a8f7-c4ac4cd2fb05",
  "hwid": "154724018377269",
  "total_clicks": 1112.9602000000145,
  "click_power_level": 2,
  "faster_click_level": 2,
  "mini_clicker_count": 2,
  "rebirth_count": 0,
  "last_save": 1748112542.9932945,
  "hmac": "4c66fad7f70c192fa13960429f519a10c750cdf157e83663861401eba4038385"
}