{
  "uid": "12d17fdc-95d7-404a-ab81-30e418209711",
  "hwid": "154724018377269",
  "total_clicks": 156.2765891114801,
  "click_power_level": 10,
  "faster_click_level": 0,
  "mini_clicker_count": 0,
  "rebirth_count": 1,
  "last_save": 1748113078.0129602,
  "hmac": "449cfe956a17f0558348fb4ab183a327744be278eee78291522ed96fecbf6f52"
}