{
  "uid": "fbc3ea2b-fdd2-4e3b-8c2d-124364a0d713",
  "hwid": "154724018377269",
  "total_clicks": 20.999999999999996,
  "click_power_level": 0,
  "faster_click_level": 0,
  "mini_clicker_count": 0,
  "rebirth_count": 1,
  "last_save": 1748112789.506143,
  "hmac": "57d9e12535580694d6d3274a67f8fbbe2a010fba87101f5e9545263b4a7e3172"
}