{
  "uid": "8cdde5c1-4df1-422d-9530-d45c18519c15",
  "hwid": "154724018377269",
  "total_clicks": 60.60100000000014,
  "click_power_level": 3,
  "faster_click_level": 1,
  "mini_clicker_count": 0,
  "rebirth_count": 0,
  "last_save": 1748112686.5810127,
  "hmac": "376ac7de7437d17ff87482674b4f1a58484efa82f5b333039e70a11ee4a6c81d"
}