{
  "uid": "fbc3ea2b-fdd2-4e3b-8c2d-124364a0d713",
  "hwid": "154724018377269",
  "total_clicks": 32.19999999999999,
  "click_power_level": 0,
  "faster_click_level": 0,
  "mini_clicker_count": 0,
  "rebirth_count": 1,
  "last_save": 1748112886.630286,
  "hmac": "c9f6a297e00f32bfec9fd6241e11ef04834cab472a64c2019e7a98b532592f5e"
}