{
  "uid": "8e65b2f3-6b49-4cfe-a229-cbe767c12cc3",
  "hwid": "154724018377269",
  "total_clicks": 1.0371964898234332e+49,
  "click_power_level": 422,
  "faster_click_level": 322,
  "mini_clicker_count": 1183,
  "rebirth_count": 1,
  "last_save": 1748113067.9533553,
  "hmac": "1670813d77d1d3efdad42694f7f3de88304a3bceeed41b8059130295614d5b81"
}