{
  "uid": "94dd5597-eb88-4bd5-885a-3b0a5059a239",
  "hwid": "154724018377269",
  "total_clicks": 16.914790738200104,
  "click_power_level": 9,
  "faster_click_level": 1,
  "mini_clicker_count": 22,
  "rebirth_count": 1,
  "last_save": 1748112925.9493523,
  "hmac": "91c3458c7c451f8c600f36f22da4a1a281996ef7bd7ef45a07f2530e340e0740"
}