{
  "uid": "8cdde5c1-4df1-422d-9530-d45c18519c15",
  "hwid": "154724018377269",
  "total_clicks": 39.59386241237137,
  "click_power_level": 12,
  "faster_click_level": 3,
  "mini_clicker_count": 53,
  "rebirth_count": 0,
  "last_save": 1748112738.0047553,
  "hmac": "4ffd78fe8f53217eafa3e41a0499de356f6502949c5654af0a80c7fec5197b8c"
}