{
  "uid": "c89277cd-9256-4962-a88c-a3f2b0ec4e3e",
  "hwid": "154724018377269",
  "total_clicks": 34.732131999999915,
  "click_power_level": 0,
  "faster_click_level": 0,
  "mini_clicker_count": 21,
  "rebirth_count": 1,
  "last_save": 1748112913.864473,
  "hmac": "08e9d56a4e673541ba7f236fd717941b51c34e7ad585bcfdbd6194b3c70724aa"
}