{
  "uid": "fbc3ea2b-fdd2-4e3b-8c2d-124364a0d713",
  "hwid": "154724018377269",
  "total_clicks": 32.19999999999999,
  "click_power_level": 0,
  "faster_click_level": 0,
  "mini_clicker_count": 0,
  "rebirth_count": 1,
  "last_save": 1748112881.5932918,
  "hmac": "2a858f50a2006dcb40d1e58387170f5b76a0446e2a1bcaca2101a4a69d1ebc69"
}