{
  "uid": "12d17fdc-95d7-404a-ab81-30e418209711",
  "hwid": "154724018377269",
  "total_clicks": 2221759903.123087,
  "click_power_level": 76,
  "faster_click_level": 52,
  "mini_clicker_count": 142,
  "rebirth_count": 1,
  "last_save": 1748113089.065365,
  "hmac": "02524803fefa5757c57c6fbe545a931d6fa0b53b1e603b55ac2498e40eee599d"
}