{
  "uid": "8cdde5c1-4df1-422d-9530-d45c18519c15",
  "hwid": "154724018377269",
  "total_clicks": 314.2642997000012,
  "click_power_level": 3,
  "faster_click_level": 1,
  "mini_clicker_count": 35,
  "rebirth_count": 0,
  "last_save": 1748112714.8428826,
  "hmac": "65c1ed4d77acec75eff62d364a24461437d492e7f34bed13e2c003bc04ca2633"
}