{
  "uid": "96751bd5-2943-4138-8b6d-e0f6a1bf6f53",
  "hwid": "154724018377269",
  "total_clicks": 1003.1877999999995,
  "click_power_level": 2,
  "faster_click_level": 2,
  "mini_clicker_count": 2,
  "rebirth_count": 0,
  "last_save": 1748112553.0601804,
  "hmac": "d06302632173d01e4421c368641a7539350e6e86761cdfd492c54d96ce5f5c08"
}