{
  "uid": "8e65b2f3-6b49-4cfe-a229-cbe767c12cc3",
  "hwid": "154724018377269",
  "total_clicks": 82.60000000000004,
  "click_power_level": 0,
  "faster_click_level": 0,
  "mini_clicker_count": 0,
  "rebirth_count": 1,
  "last_save": 1748112934.0361753,
  "hmac": "a734195683f260f5e0c3ec4e24ceeefde66755d1eb8fd2944d8644a6d94a812d"
}