{
  "uid": "fbc3ea2b-fdd2-4e3b-8c2d-124364a0d713",
  "hwid": "154724018377269",
  "total_clicks": 27.99999999999999,
  "click_power_level": 0,
  "faster_click_level": 0,
  "mini_clicker_count": 0,
  "rebirth_count": 1,
  "last_save": 1748112801.1883533,
  "hmac": "10d50169bf937cae2ec1695fe7afcd0aeee59821367c3a1a9cd52b2419d02c2d"
}