{
  "uid": "8cdde5c1-4df1-422d-9530-d45c18519c15",
  "hwid": "154724018377269",
  "total_clicks": 117.23294570000049,
  "click_power_level": 3,
  "faster_click_level": 1,
  "mini_clicker_count": 35,
  "rebirth_count": 0,
  "last_save": 1748112707.7904224,
  "hmac": "92fc75bb3d8acbb9cc45c3f087dbd071ea989679252cc2002c3129c137e63aa3"
}