{
  "uid": "8e65b2f3-6b49-4cfe-a229-cbe767c12cc3",
  "hwid": "154724018377269",
  "total_clicks": 2.2911674144354935e+49,
  "click_power_level": 425,
  "faster_click_level": 325,
  "mini_clicker_count": 1193,
  "rebirth_count": 1,
  "last_save": 1748113069.9783702,
  "hmac": "96acc1dbccbb97d3a2646d46a92e5c5feb37cf88e7da9a52809a0f1ae63918e4"
}