{
  "uid": "fbc3ea2b-fdd2-4e3b-8c2d-124364a0d713",
  "hwid": "154724018377269",
  "total_clicks": 19.599999999999998,
  "click_power_level": 0,
  "faster_click_level": 0,
  "mini_clicker_count": 0,
  "rebirth_count": 1,
  "last_save": 1748112778.384026,
  "hmac": "1accfa5b987e38b3b6517c9cdf0dc16a5e96b4c8420528a7b403a4bc0bb87646"
}