{
  "uid": "8cdde5c1-4df1-422d-9530-d45c18519c15",
  "hwid": "154724018377269",
  "total_clicks": 130.90500000000023,
  "click_power_level": 3,
  "faster_click_level": 1,
  "mini_clicker_count": 0,
  "rebirth_count": 0,
  "last_save": 1748112689.6240609,
  "hmac": "d27a3706f53603aecccffa0b044a1261491690052cd9ff3643a8ac7522a339a4"
}