{
  "uid": "fbc3ea2b-fdd2-4e3b-8c2d-124364a0d713",
  "hwid": "154724018377269",
  "total_clicks": 27.99999999999999,
  "click_power_level": 0,
  "faster_click_level": 0,
  "mini_clicker_count": 0,
  "rebirth_count": 1,
  "last_save": 1748112816.2884848,
  "hmac": "4a5a115ead584953348c67c1c62f86f0b65408c7f5753a7031c40b8054e2120a"
}