{
  "uid": "8cdde5c1-4df1-422d-9530-d45c18519c15",
  "hwid": "154724018377269",
  "total_clicks": 278.6802304812575,
  "click_power_level": 12,
  "faster_click_level": 3,
  "mini_clicker_count": 53,
  "rebirth_count": 0,
  "last_save": 1748112743.0501597,
  "hmac": "675b10190866900e84ed738539fe0984de15995bb85d88cb2d71a780e79dc10f"
}