{
  "uid": "fbc3ea2b-fdd2-4e3b-8c2d-124364a0d713",
  "hwid": "154724018377269",
  "total_clicks": 30.799999999999986,
  "click_power_level": 0,
  "faster_click_level": 0,
  "mini_clicker_count": 0,
  "rebirth_count": 1,
  "last_save": 1748112874.5212603,
  "hmac": "0e6ad5866bcfa5de10d30d53715ca5b157b9e0e654685cdc0b6eb109e9baff5c"
}