{
  "uid": "8e65b2f3-6b49-4cfe-a229-cbe767c12cc3",
  "hwid": "154724018377269",
  "total_clicks": 2.084613190957988e+41,
  "click_power_level": 344,
  "faster_click_level": 228,
  "mini_clicker_count": 839,
  "rebirth_count": 1,
  "last_save": 1748113039.7323177,
  "hmac": "de9e828d903a72cee041483465b6d96fec420d5597e21c8e73c302f1acc6eff7"
}