{
  "uid": "8cdde5c1-4df1-422d-9530-d45c18519c15",
  "hwid": "154724018377269",
  "total_clicks": 169.03534653381476,
  "click_power_level": 12,
  "faster_click_level": 3,
  "mini_clicker_count": 53,
  "rebirth_count": 0,
  "last_save": 1748112741.0315595,
  "hmac": "974ab71fcb081684b2b45ff654a7e2bd99d5ef383a16ef72ff73924ac35ecf09"
}