{
  "uid": "8e65b2f3-6b49-4cfe-a229-cbe767c12cc3",
  "hwid": "154724018377269",
  "total_clicks": 4.568662941019174e+17,
  "click_power_level": 149,
  "faster_click_level": 95,
  "mini_clicker_count": 377,
  "rebirth_count": 1,
  "last_save": 1748112983.353337,
  "hmac": "af007b7420b4d3f42eb89237ed234ca75389bd98e15f2668688bcf0bc69f1919"
}