{
  "uid": "7e4e71ea-90c6-4181-a8f7-c4ac4cd2fb05",
  "hwid": "154724018377269",
  "total_clicks": 1048.2130000000025,
  "click_power_level": 2,
  "faster_click_level": 2,
  "mini_clicker_count": 2,
  "rebirth_count": 0,
  "last_save": 1748112539.9800894,
  "hmac": "199c310344ff00a015a620ee808b1490b2272f6c5cc40c07993511e2f1b33ea0"
}