{
  "uid": "fbc3ea2b-fdd2-4e3b-8c2d-124364a0d713",
  "hwid": "154724018377269",
  "total_clicks": 29.399999999999988,
  "click_power_level": 0,
  "faster_click_level": 0,
  "mini_clicker_count": 0,
  "rebirth_count": 1,
  "last_save": 1748112842.224101,
  "hmac": "1b2a8c29b6daaeaec04715a2edc445ae0639cdb175028dfdab46c697aac6cdbb"
}