{
  "uid": "8cdde5c1-4df1-422d-9530-d45c18519c15",
  "hwid": "154724018377269",
  "total_clicks": 11.150000000000004,
  "click_power_level": 2,
  "faster_click_level": 0,
  "mini_clicker_count": 0,
  "rebirth_count": 0,
  "last_save": 1748112674.485098,
  "hmac": "4c5dc8ec960c4a394f5ded5b7616efe05d8e0be5e2843d5464292caa8f52477a"
}