{
  "uid": "fbc3ea2b-fdd2-4e3b-8c2d-124364a0d713",
  "hwid": "154724018377269",
  "total_clicks": 29.399999999999988,
  "click_power_level": 0,
  "faster_click_level": 0,
  "mini_clicker_count": 0,
  "rebirth_count": 1,
  "last_save": 1748112855.3532119,
  "hmac": "b3c7ac6e9288e458c5dfb56c2c629f400d4a4defeb516fa63acc9c7b5c93cf80"
}