{
  "uid": "c89277cd-9256-4962-a88c-a3f2b0ec4e3e",
  "hwid": "154724018377269",
  "total_clicks": 14406.674332806359,
  "click_power_level": 27,
  "faster_click_level": 15,
  "mini_clicker_count": 89,
  "rebirth_count": 1,
  "last_save": 1748112923.9371982,
  "hmac": "120de6ecb0cb0de194885f90ad26f3f3c862d3a66e4ac90dfd26ef13e4d2cfbf"
}