{
  "uid": "8e65b2f3-6b49-4cfe-a229-cbe767c12cc3",
  "hwid": "154724018377269",
  "total_clicks": 4.330057317266524e+32,
  "click_power_level": 283,
  "faster_click_level": 213,
  "mini_clicker_count": 773,
  "rebirth_count": 1,
  "last_save": 1748113024.6155345,
  "hmac": "b27ffb89bebc21ceab062d8caa8f36f1e49ba15931f8931b8c2b164089e4e914"
}