{
  "uid": "fbc3ea2b-fdd2-4e3b-8c2d-124364a0d713",
  "hwid": "154724018377269",
  "total_clicks": 19.599999999999998,
  "click_power_level": 0,
  "faster_click_level": 0,
  "mini_clicker_count": 0,
  "rebirth_count": 1,
  "last_save": 1748112779.396111,
  "hmac": "db7b5b2004c0d254e93f8ad9426662527f6b1edf89acc5d062b02ca09b51ac57"
}