{
  "uid": "8e65b2f3-6b49-4cfe-a229-cbe767c12cc3",
  "hwid": "154724018377269",
  "total_clicks": 2.151983684604426e+28,
  "click_power_level": 246,
  "faster_click_level": 144,
  "mini_clicker_count": 555,
  "rebirth_count": 1,
  "last_save": 1748113010.5432253,
  "hmac": "c4934e11431359eb956ac450db8fa930f19010a0bf7ec5c3e3e8b47d42235194"
}