{
  "uid": "12d17fdc-95d7-404a-ab81-30e418209711",
  "hwid": "154724018377269",
  "total_clicks": 244964347.61969966,
  "click_power_level": 67,
  "faster_click_level": 46,
  "mini_clicker_count": 33,
  "rebirth_count": 1,
  "last_save": 1748113087.0494504,
  "hmac": "d6170af658b70671676b5412d289e2f54ee8ca47cd81fed43e941b2195778b88"
}