{
  "uid": "8cdde5c1-4df1-422d-9530-d45c18519c15",
  "hwid": "154724018377269",
  "total_clicks": 68.22991620000231,
  "click_power_level": 9,
  "faster_click_level": 1,
  "mini_clicker_count": 35,
  "rebirth_count": 0,
  "last_save": 1748112718.8691578,
  "hmac": "1628c1bffe162f0b6c2a21f008cdbbce4ab76dbc2743bf30731ceaee6fd3148f"
}