{
  "uid": "fbc3ea2b-fdd2-4e3b-8c2d-124364a0d713",
  "hwid": "154724018377269",
  "total_clicks": 30.799999999999986,
  "click_power_level": 0,
  "faster_click_level": 0,
  "mini_clicker_count": 0,
  "rebirth_count": 1,
  "last_save": 1748112872.5072665,
  "hmac": "d9cd2e6c60b0448ffcfca667012d2156a272dc5bcc5ae286f524c1b5f08412b5"
}