{
  "uid": "7e4e71ea-90c6-4181-a8f7-c4ac4cd2fb05",
  "hwid": "154724018377269",
  "total_clicks": 1137.9094000000186,
  "click_power_level": 2,
  "faster_click_level": 2,
  "mini_clicker_count": 2,
  "rebirth_count": 0,
  "last_save": 1748112543.997079,
  "hmac": "165bc5d78c901870c826d747850b96de4697b6cf984218c9826318555df05cb1"
}