{
  "uid": "8e65b2f3-6b49-4cfe-a229-cbe767c12cc3",
  "hwid": "154724018377269",
  "total_clicks": 8.275293070173624e+46,
  "click_power_level": 409,
  "faster_click_level": 312,
  "mini_clicker_count": 1150,
  "rebirth_count": 1,
  "last_save": 1748113060.895513,
  "hmac": "e8dae1614e57653ab8bef08e94bf81e5cd812990388038b8f2ff0fc41c083f4d"
}