{
  "uid": "fbc3ea2b-fdd2-4e3b-8c2d-124364a0d713",
  "hwid": "154724018377269",
  "total_clicks": 32.19999999999999,
  "click_power_level": 0,
  "faster_click_level": 0,
  "mini_clicker_count": 0,
  "rebirth_count": 1,
  "last_save": 1748112884.6182861,
  "hmac": "e2fde8aaafe7035aa1fc18c0f9618e5f78b23eeae672178e011c30bc1b3ef97d"
}