{
  "uid": "fbc3ea2b-fdd2-4e3b-8c2d-124364a0d713",
  "hwid": "154724018377269",
  "total_clicks": 2036.6226080511096,
  "click_power_level": 23,
  "faster_click_level": 11,
  "mini_clicker_count": 0,
  "rebirth_count": 1,
  "last_save": 1748112911.837577,
  "hmac": "a1cf041b5bb571a00dd28f3fda4112da3b10c91ff4af50e40791261c5ce69d5c"
}