{
  "uid": "8cdde5c1-4df1-422d-9530-d45c18519c15",
  "hwid": "154724018377269",
  "total_clicks": 221.7903726999996,
  "click_power_level": 3,
  "faster_click_level": 1,
  "mini_clicker_count": 35,
  "rebirth_count": 0,
  "last_save": 1748112710.8171384,
  "hmac": "0f8f4b45d61f1da9ad0490f0b123e9b1b3819b04ff18af8364632ed6f6af8251"
}