{
  "uid": "c89277cd-9256-4962-a88c-a3f2b0ec4e3e",
  "hwid": "154724018377269",
  "total_clicks": 4256.0012276779535,
  "click_power_level": 15,
  "faster_click_level": 5,
  "mini_clicker_count": 27,
  "rebirth_count": 1,
  "last_save": 1748112918.9111514,
  "hmac": "6849fc1a91d3787da5062bd24488b8cd1f3fca6cbd2655a4bb42e55842824285"
}