{
  "uid": "fbc3ea2b-fdd2-4e3b-8c2d-124364a0d713",
  "hwid": "154724018377269",
  "total_clicks": 27.99999999999999,
  "click_power_level": 0,
  "faster_click_level": 0,
  "mini_clicker_count": 0,
  "rebirth_count": 1,
  "last_save": 1748112824.3481584,
  "hmac": "ebc74bf2825b42fe84713c1b811aa05a85d36895e06a8991d4b605ca85e4735d"
}