{
  "uid": "8cdde5c1-4df1-422d-9530-d45c18519c15",
  "hwid": "154724018377269",
  "total_clicks": 292.2097151999996,
  "click_power_level": 3,
  "faster_click_level": 1,
  "mini_clicker_count": 35,
  "rebirth_count": 0,
  "last_save": 1748112712.8315294,
  "hmac": "06175612c0687ab2fd32e483bd09f9e72164f1dbbd6711064312aafd20d03e85"
}