{
  "uid": "8e65b2f3-6b49-4cfe-a229-cbe767c12cc3",
  "hwid": "154724018377269",
  "total_clicks": 9.6952590942725e+44,
  "click_power_level": 386,
  "faster_click_level": 295,
  "mini_clicker_count": 947,
  "rebirth_count": 1,
  "last_save": 1748113049.805284,
  "hmac": "484bec0ecc1767c538035a78ee0b7d1ab933d92a626039ae031f81cb007bde16"
}