{
  "uid": "8e65b2f3-6b49-4cfe-a229-cbe767c12cc3",
  "hwid": "154724018377269",
  "total_clicks": 9.465541829999146e+36,
  "click_power_level": 323,
  "faster_click_level": 228,
  "mini_clicker_count": 839,
  "rebirth_count": 1,
  "last_save": 1748113034.7024448,
  "hmac": "d6d1b08456f6e62bc31943f03fea7e8808a98d7e4daf6d6e02c1f4aca9b1ce48"
}