{
  "uid": "8e65b2f3-6b49-4cfe-a229-cbe767c12cc3",
  "hwid": "154724018377269",
  "total_clicks": 1.949933156758785e+34,
  "click_power_level": 289,
  "faster_click_level": 217,
  "mini_clicker_count": 795,
  "rebirth_count": 1,
  "last_save": 1748113026.6233118,
  "hmac": "f1aa58134ae6beb690952e7a260633047ec297f3ef0d0e868d44407b81f6f957"
}