{
  "uid": "8e65b2f3-6b49-4cfe-a229-cbe767c12cc3",
  "hwid": "154724018377269",
  "total_clicks": 5.32024103438438e+41,
  "click_power_level": 344,
  "faster_click_level": 228,
  "mini_clicker_count": 839,
  "rebirth_count": 1,
  "last_save": 1748113042.7543745,
  "hmac": "2b6c479ddee846df9c45c86cdcdb23a8b22a4346beac7c6609f7b410aa498b66"
}