{
  "uid": "fbc3ea2b-fdd2-4e3b-8c2d-124364a0d713",
  "hwid": "154724018377269",
  "total_clicks": 37.79999999999998,
  "click_power_level": 0,
  "faster_click_level": 0,
  "mini_clicker_count": 0,
  "rebirth_count": 1,
  "last_save": 1748112900.7551246,
  "hmac": "af5e7eeeef6c378b5684bc43625fc8fb6e85b47ca0b6d5644d6366da7a732822"
}