{
  "uid": "8cdde5c1-4df1-422d-9530-d45c18519c15",
  "hwid": "154724018377269",
  "total_clicks": 78.97774600000018,
  "click_power_level": 3,
  "faster_click_level": 1,
  "mini_clicker_count": 29,
  "rebirth_count": 0,
  "last_save": 1748112694.674245,
  "hmac": "12121cf270f061e5c55346533a3144efbc3c088634bae7851b36a599e29ffaae"
}