{
  "uid": "fbc3ea2b-fdd2-4e3b-8c2d-124364a0d713",
  "hwid": "154724018377269",
  "total_clicks": 19.599999999999998,
  "click_power_level": 0,
  "faster_click_level": 0,
  "mini_clicker_count": 0,
  "rebirth_count": 1,
  "last_save": 1748112777.3691974,
  "hmac": "6e547c63224cf613dec6f73c1f5ead44eb2d699a4d3f2d59fb935245b9bd9b49"
}