{
  "uid": "8e65b2f3-6b49-4cfe-a229-cbe767c12cc3",
  "hwid": "154724018377269",
  "total_clicks": 3.350287896134383e+45,
  "click_power_level": 395,
  "faster_click_level": 301,
  "mini_clicker_count": 1068,
  "rebirth_count": 1,
  "last_save": 1748113051.8206744,
  "hmac": "aa3ba569df1e500f01e3af476cfda387d7991dab66cdd1ca64612589311fdf5f"
}