{
  "uid": "fbc3ea2b-fdd2-4e3b-8c2d-124364a0d713",
  "hwid": "154724018377269",
  "total_clicks": 29.399999999999988,
  "click_power_level": 0,
  "faster_click_level": 0,
  "mini_clicker_count": 0,
  "rebirth_count": 1,
  "last_save": 1748112834.1684535,
  "hmac": "520547b6faaa4f4ef34c1ba30e3d6b86de6246150f4449d09afa384f17338ec9"
}