{
  "uid": "5f3ba399-d74d-496a-bfb0-65147bce1b58",
  "hwid": "154724018377269",
  "total_clicks": 1116.740800000015,
  "click_power_level": 2,
  "faster_click_level": 2,
  "mini_clicker_count": 2,
  "rebirth_count": 0,
  "last_save": 1748112560.0920424,
  "hmac": "501f1de7e582634ca646268ef3507d076cf44d82d838fe3f1bdc5a241cb89724"
}