{
  "uid": "8cdde5c1-4df1-422d-9530-d45c18519c15",
  "hwid": "154724018377269",
  "total_clicks": 237.0078875490013,
  "click_power_level": 9,
  "faster_click_level": 1,
  "mini_clicker_count": 35,
  "rebirth_count": 0,
  "last_save": 1748112722.8913584,
  "hmac": "16540e5477c3fca8c4bd0dcb23771279b70a285133c709b7eb2ada0b5b8d562a"
}