{
  "uid": "fbc3ea2b-fdd2-4e3b-8c2d-124364a0d713",
  "hwid": "154724018377269",
  "total_clicks": 11.200000000000001,
  "click_power_level": 0,
  "faster_click_level": 0,
  "mini_clicker_count": 0,
  "rebirth_count": 1,
  "last_save": 1748112774.3393216,
  "hmac": "23d760defec921b2251e4d02ce0ccc6afad3e7693b431bcd1f64ea299127a335"
}