{
  "uid": "8cdde5c1-4df1-422d-9530-d45c18519c15",
  "hwid": "154724018377269",
  "total_clicks": 90.52365700000026,
  "click_power_level": 3,
  "faster_click_level": 1,
  "mini_clicker_count": 29,
  "rebirth_count": 0,
  "last_save": 1748112695.6851542,
  "hmac": "b88011fdaf34b414d138e9040a50eb21a259284071a916905bc6ea74f362e06a"
}