{
  "uid": "8cdde5c1-4df1-422d-9530-d45c18519c15",
  "hwid": "154724018377269",
  "total_clicks": 65.44965570000026,
  "click_power_level": 3,
  "faster_click_level": 1,
  "mini_clicker_count": 35,
  "rebirth_count": 0,
  "last_save": 1748112704.7712955,
  "hmac": "8202e019b2f835b7c60bc33eef353a3fe40eb798acc1de343fb34cecfe7ee436"
}