{
  "uid": "fbc3ea2b-fdd2-4e3b-8c2d-124364a0d713",
  "hwid": "154724018377269",
  "total_clicks": 29.399999999999988,
  "click_power_level": 0,
  "faster_click_level": 0,
  "mini_clicker_count": 0,
  "rebirth_count": 1,
  "last_save": 1748112838.1963708,
  "hmac": "67cecf9d087f5dcc4141c2a4e3b9544bbd8e65707ed7d08346dbc7d58f4cd97c"
}