{
  "uid": "fbc3ea2b-fdd2-4e3b-8c2d-124364a0d713",
  "hwid": "154724018377269",
  "total_clicks": 20.999999999999996,
  "click_power_level": 0,
  "faster_click_level": 0,
  "mini_clicker_count": 0,
  "rebirth_count": 1,
  "last_save": 1748112786.4643855,
  "hmac": "d7ed8c9680c91f1f5408d39049edfefbf9b41c4936c7254be65aa150bfa65fe6"
}