{
  "uid": "8e65b2f3-6b49-4cfe-a229-cbe767c12cc3",
  "hwid": "154724018377269",
  "total_clicks": 4.700715737277662e+22,
  "click_power_level": 191,
  "faster_click_level": 142,
  "mini_clicker_count": 549,
  "rebirth_count": 1,
  "last_save": 1748113001.4792783,
  "hmac": "5d163f69a9d07705b8dbabe4ba7734fd8f4cb81912fd241df6d5e57f928c0ddf"
}