{
  "uid": "fbc3ea2b-fdd2-4e3b-8c2d-124364a0d713",
  "hwid": "154724018377269",
  "total_clicks": 23.799999999999994,
  "click_power_level": 0,
  "faster_click_level": 0,
  "mini_clicker_count": 0,
  "rebirth_count": 1,
  "last_save": 1748112799.1712189,
  "hmac": "5f22b36d122521d788fbbe018f83a8a4b3e9e3ed108183623bac99ec49462663"
}