{
  "uid": "8e65b2f3-6b49-4cfe-a229-cbe767c12cc3",
  "hwid": "154724018377269",
  "total_clicks": 549642240.7176309,
  "click_power_level": 68,
  "faster_click_level": 46,
  "mini_clicker_count": 161,
  "rebirth_count": 1,
  "last_save": 1748112953.1503775,
  "hmac": "8c172a660395e339f3e59f8cb0e5fcee954b709b12a1ae4d87b8c5a1b4137a90"
}