{
  "uid": "fbc3ea2b-fdd2-4e3b-8c2d-124364a0d713",
  "hwid": "154724018377269",
  "total_clicks": 37.79999999999998,
  "click_power_level": 0,
  "faster_click_level": 0,
  "mini_clicker_count": 0,
  "rebirth_count": 1,
  "last_save": 1748112899.740232,
  "hmac": "febad2426aa0efc4e7aa62a32f11c3d0bce0916469667c6010bb055834d281da"
}