{
  "uid": "7e4e71ea-90c6-4181-a8f7-c4ac4cd2fb05",
  "hwid": "154724018377269",
  "total_clicks": 9.8203820000249,
  "click_power_level": 13,
  "faster_click_level": 3,
  "mini_clicker_count": 29,
  "rebirth_count": 0,
  "last_save": 1748112550.0350637,
  "hmac": "3f6e32593c7d221c79c794118a72ba07227cfc75f41db7ab6cc38abd18262565"
}