{
  "uid": "8e65b2f3-6b49-4cfe-a229-cbe767c12cc3",
  "hwid": "154724018377269",
  "total_clicks": 1.7741031232106062e+47,
  "click_power_level": 407,
  "faster_click_level": 311,
  "mini_clicker_count": 1144,
  "rebirth_count": 1,
  "last_save": 1748113059.8826299,
  "hmac": "472777d2dcf1555a52aa82a1e830e56126637fe3e19534add3d40395135fd98e"
}