{
  "uid": "c89277cd-9256-4962-a88c-a3f2b0ec4e3e",
  "hwid": "154724018377269",
  "total_clicks": 666.5174700916017,
  "click_power_level": 15,
  "faster_click_level": 5,
  "mini_clicker_count": 27,
  "rebirth_count": 1,
  "last_save": 1748112917.8983011,
  "hmac": "5a5b86454d3ba78e8ccd0fae91b755feb5f6aa304b7c1e7d486c6397b05c2b3a"
}