{
  "uid": "fbc3ea2b-fdd2-4e3b-8c2d-124364a0d713",
  "hwid": "154724018377269",
  "total_clicks": 34.999999999999986,
  "click_power_level": 0,
  "faster_click_level": 0,
  "mini_clicker_count": 0,
  "rebirth_count": 1,
  "last_save": 1748112892.6781907,
  "hmac": "d1d6e6a22a0985009aca5b429e5684846b2777134b9a8ad9a848b00a7b56cc9b"
}