{
  "uid": "8cdde5c1-4df1-422d-9530-d45c18519c15",
  "hwid": "154724018377269",
  "total_clicks": 1100.3171192571738,
  "click_power_level": 12,
  "faster_click_level": 3,
  "mini_clicker_count": 53,
  "rebirth_count": 0,
  "last_save": 1748112748.1015072,
  "hmac": "03f0477c39aed9b34b7375141c1cc88351a04f0eaba732fc5b32170c1161c0e6"
}