{
  "uid": "fbc3ea2b-fdd2-4e3b-8c2d-124364a0d713",
  "hwid": "154724018377269",
  "total_clicks": 20.999999999999996,
  "click_power_level": 0,
  "faster_click_level": 0,
  "mini_clicker_count": 0,
  "rebirth_count": 1,
  "last_save": 1748112791.512478,
  "hmac": "4e052674dcda2d2c9f3e30dc43a262eaa66f15d20fe841c9e193d388249e9b96"
}