{
  "uid": "12d17fdc-95d7-404a-ab81-30e418209711",
  "hwid": "154724018377269",
  "total_clicks": 249666427.57214883,
  "click_power_level": 72,
  "faster_click_level": 49,
  "mini_clicker_count": 94,
  "rebirth_count": 1,
  "last_save": 1748113088.06444,
  "hmac": "a5384b7144d04425e5ce73194c11a35790370fe3ad2533393c0d4268145a5ce2"
}