{
  "uid": "fbc3ea2b-fdd2-4e3b-8c2d-124364a0d713",
  "hwid": "154724018377269",
  "total_clicks": 29.399999999999988,
  "click_power_level": 0,
  "faster_click_level": 0,
  "mini_clicker_count": 0,
  "rebirth_count": 1,
  "last_save": 1748112840.2060626,
  "hmac": "ede87c5fd46e1c128ce9882918ab5e95fe9b5ae17d0091ff0fa628bed82be1e4"
}