{
  "uid": "8cdde5c1-4df1-422d-9530-d45c18519c15",
  "hwid": "154724018377269",
  "total_clicks": 96.88800000000008,
  "click_power_level": 3,
  "faster_click_level": 0,
  "mini_clicker_count": 0,
  "rebirth_count": 0,
  "last_save": 1748112681.5451171,
  "hmac": "5804d7f0a920592345142eb35e008594c7e3e96a4ae19b4da0bb92548a3788fe"
}