{
  "uid": "8e65b2f3-6b49-4cfe-a229-cbe767c12cc3",
  "hwid": "154724018377269",
  "total_clicks": 7.761110966277631e+35,
  "click_power_level": 309,
  "faster_click_level": 228,
  "mini_clicker_count": 839,
  "rebirth_count": 1,
  "last_save": 1748113032.6822832,
  "hmac": "58207f98ab05c13911c47ddfa39ade6931bf6a04975adab06190124ef877b69d"
}