{
  "uid": "8e65b2f3-6b49-4cfe-a229-cbe767c12cc3",
  "hwid": "154724018377269",
  "total_clicks": 3.962185782779299e+48,
  "click_power_level": 418,
  "faster_click_level": 319,
  "mini_clicker_count": 1174,
  "rebirth_count": 1,
  "last_save": 1748113065.9266074,
  "hmac": "6375cd21c7f171be21935053d7e4e962d216426657388d5b062e2cd8e7884dfd"
}