{
  "uid": "8e65b2f3-6b49-4cfe-a229-cbe767c12cc3",
  "hwid": "154724018377269",
  "total_clicks": 7.1946819960836845e+25,
  "click_power_level": 218,
  "faster_click_level": 144,
  "mini_clicker_count": 555,
  "rebirth_count": 1,
  "last_save": 1748113006.5173786,
  "hmac": "f7be9171f3cdcaa526c391c0bfc1ca835abae9357152263dbfbe1a877d9f59b2"
}