{
  "uid": "94dd5597-eb88-4bd5-885a-3b0a5059a239",
  "hwid": "154724018377269",
  "total_clicks": 5096.908648392989,
  "click_power_level": 17,
  "faster_click_level": 7,
  "mini_clicker_count": 70,
  "rebirth_count": 1,
  "last_save": 1748112932.013524,
  "hmac": "a1087081d3f6eaba6552b083a71a9b6f90893582feb642174dce3dc644eacc07"
}