{
  "uid": "fbc3ea2b-fdd2-4e3b-8c2d-124364a0d713",
  "hwid": "154724018377269",
  "total_clicks": 29.399999999999988,
  "click_power_level": 0,
  "faster_click_level": 0,
  "mini_clicker_count": 0,
  "rebirth_count": 1,
  "last_save": 1748112849.2913876,
  "hmac": "6b45c20a6ec3d2150f571172f503b989dfd9d3955a3270b981f4c9ea99ba9798"
}