{
  "uid": "8e65b2f3-6b49-4cfe-a229-cbe767c12cc3",
  "hwid": "154724018377269",
  "total_clicks": 1.3013844667401572e+20,
  "click_power_level": 168,
  "faster_click_level": 124,
  "mini_clicker_count": 454,
  "rebirth_count": 1,
  "last_save": 1748112987.3875804,
  "hmac": "0f5f30afbad7d26700fbf8d613188bd0681900294bb4f8d148cfaf2f81a988fc"
}