{
  "uid": "94dd5597-eb88-4bd5-885a-3b0a5059a239",
  "hwid": "154724018377269",
  "total_clicks": 57.147837410487,
  "click_power_level": 14,
  "faster_click_level": 3,
  "mini_clicker_count": 59,
  "rebirth_count": 1,
  "last_save": 1748112928.990237,
  "hmac": "640df63c0c1e42c3f777c9e8921781b25bd9704a03e22247ff9b15cbcedf0a94"
}