{
  "uid": "12d17fdc-95d7-404a-ab81-30e418209711",
  "hwid": "154724018377269",
  "total_clicks": 22244.985150487817,
  "click_power_level": 30,
  "faster_click_level": 0,
  "mini_clicker_count": 0,
  "rebirth_count": 1,
  "last_save": 1748113081.0394826,
  "hmac": "e03c6ff6de388b824def082cf936d4b1c5dc4b1bd434f8277931cf8f2b35d071"
}