{
  "uid": "8cdde5c1-4df1-422d-9530-d45c18519c15",
  "hwid": "154724018377269",
  "total_clicks": 484.9205472221047,
  "click_power_level": 12,
  "faster_click_level": 3,
  "mini_clicker_count": 53,
  "rebirth_count": 0,
  "last_save": 1748112744.05918,
  "hmac": "946561b564196365782038fc3a75f96fd998d34d3a4c07522473fcd3b2fcbf75"
}