{
  "uid": "8e65b2f3-6b49-4cfe-a229-cbe767c12cc3",
  "hwid": "154724018377269",
  "total_clicks": 6.87858419921956e+39,
  "click_power_level": 343,
  "faster_click_level": 228,
  "mini_clicker_count": 839,
  "rebirth_count": 1,
  "last_save": 1748113037.7262547,
  "hmac": "b331baa2e340f142b9bcce00f3a6d4f405cfe5f3173b4a062abb13d9a9bb0dc3"
}