{
  "uid": "5f3ba399-d74d-496a-bfb0-65147bce1b58",
  "hwid": "154724018377269",
  "total_clicks": 1077.0220000000072,
  "click_power_level": 2,
  "faster_click_level": 2,
  "mini_clicker_count": 2,
  "rebirth_count": 0,
  "last_save": 1748112558.086376,
  "hmac": "d77de382a9b6cf31d1263c6924a6e9b56c11f51466111fd2f43255067b4b25d6"
}