{
  "uid": "fbc3ea2b-fdd2-4e3b-8c2d-124364a0d713",
  "hwid": "154724018377269",
  "total_clicks": 27.99999999999999,
  "click_power_level": 0,
  "faster_click_level": 0,
  "mini_clicker_count": 0,
  "rebirth_count": 1,
  "last_save": 1748112808.2283516,
  "hmac": "29b97ce654c2d593d53ea559a1de52d5d30d44f16533abc725edc50e6d42e8e8"
}