{
  "uid": "8e65b2f3-6b49-4cfe-a229-cbe767c12cc3",
  "hwid": "154724018377269",
  "total_clicks": 1.1096310164310814e+17,
  "click_power_level": 142,
  "faster_click_level": 95,
  "mini_clicker_count": 377,
  "rebirth_count": 1,
  "last_save": 1748112982.3487232,
  "hmac": "54893f8e5f3bc274532cb90b694e2aae2acf819bb64c0d45d73f572742b72d51"
}