{
  "uid": "fbc3ea2b-fdd2-4e3b-8c2d-124364a0d713",
  "hwid": "154724018377269",
  "total_clicks": 30.799999999999986,
  "click_power_level": 0,
  "faster_click_level": 0,
  "mini_clicker_count": 0,
  "rebirth_count": 1,
  "last_save": 1748112873.51178,
  "hmac": "a60e0e875beaa1b91e600ffcfa98347d82d63d4ac4cee180c87c0dd383ba4f63"
}