{
  "uid": "8cdde5c1-4df1-422d-9530-d45c18519c15",
  "hwid": "154724018377269",
  "total_clicks": 41.96300000000001,
  "click_power_level": 3,
  "faster_click_level": 0,
  "mini_clicker_count": 0,
  "rebirth_count": 0,
  "last_save": 1748112679.5241323,
  "hmac": "5c5afdf54928125cb47e4af764cb7e8a97343d6728b68d34a32b9d8033c52be9"
}