{
  "uid": "8cdde5c1-4df1-422d-9530-d45c18519c15",
  "hwid": "154724018377269",
  "total_clicks": 54.01000000000013,
  "click_power_level": 3,
  "faster_click_level": 1,
  "mini_clicker_count": 0,
  "rebirth_count": 0,
  "last_save": 1748112685.5713768,
  "hmac": "a9c029eb4e170c6874342ca04e6b862a42e65a50a00c1a323f22954bbd4b4ce4"
}