{
  "uid": "8cdde5c1-4df1-422d-9530-d45c18519c15",
  "hwid": "154724018377269",
  "total_clicks": 1080.4418049671706,
  "click_power_level": 12,
  "faster_click_level": 3,
  "mini_clicker_count": 53,
  "rebirth_count": 0,
  "last_save": 1748112747.0911558,
  "hmac": "c5970267fd9fd128b8a045daf0bc3398b8bb9c653166d1b26be4fbbbfc5d1465"
}