{
  "uid": "8cdde5c1-4df1-422d-9530-d45c18519c15",
  "hwid": "154724018377269",
  "total_clicks": 45.22200000000012,
  "click_power_level": 3,
  "faster_click_level": 1,
  "mini_clicker_count": 0,
  "rebirth_count": 0,
  "last_save": 1748112684.5711598,
  "hmac": "a5c19a3edc36f071f692c76945ecabfdf4317d1c09e78d64e01eade02cc6510a"
}