{
  "uid": "5f3ba399-d74d-496a-bfb0-65147bce1b58",
  "hwid": "154724018377269",
  "total_clicks": 1057.1032000000027,
  "click_power_level": 2,
  "faster_click_level": 2,
  "mini_clicker_count": 2,
  "rebirth_count": 0,
  "last_save": 1748112557.0805185,
  "hmac": "286491dde81bf3797b25d82e9964cf484f3dd8965fe42aed5ffae3d2ce7105c1"
}