{
  "uid": "fbc3ea2b-fdd2-4e3b-8c2d-124364a0d713",
  "hwid": "154724018377269",
  "total_clicks": 37.79999999999998,
  "click_power_level": 0,
  "faster_click_level": 0,
  "mini_clicker_count": 0,
  "rebirth_count": 1,
  "last_save": 1748112897.723451,
  "hmac": "9869515fc78d60c3cf43d408c15f4ab8a0f3be0160fbf6ea0a4797897b088280"
}