{
  "uid": "8e65b2f3-6b49-4cfe-a229-cbe767c12cc3",
  "hwid": "154724018377269",
  "total_clicks": 1.2130050640369962e+49,
  "click_power_level": 424,
  "faster_click_level": 323,
  "mini_clicker_count": 1188,
  "rebirth_count": 1,
  "last_save": 1748113068.9653535,
  "hmac": "5f27eb0feef3e6dbd9b41938d396319f5d3acd25461286bcbf9df7853d4bb832"
}