{
  "uid": "8e65b2f3-6b49-4cfe-a229-cbe767c12cc3",
  "hwid": "154724018377269",
  "total_clicks": 1.4247174246796562e+18,
  "click_power_level": 156,
  "faster_click_level": 95,
  "mini_clicker_count": 377,
  "rebirth_count": 1,
  "last_save": 1748112984.354401,
  "hmac": "030e548840bab3aa03d0f3aace31fd38b21c0279b5483ce369aec0eb53a10634"
}