{
  "uid": "12d17fdc-95d7-404a-ab81-30e418209711",
  "hwid": "154724018377269",
  "total_clicks": 5620446.490335085,
  "click_power_level": 50,
  "faster_click_level": 0,
  "mini_clicker_count": 0,
  "rebirth_count": 1,
  "last_save": 1748113084.0446467,
  "hmac": "8dd42b8a94634248d06b77b8b293197fe24ad89313d872f4c9e2595f5deb9f16"
}