{
  "uid": "12d17fdc-95d7-404a-ab81-30e418209711",
  "hwid": "154724018377269",
  "total_clicks": 137018810140.37099,
  "click_power_level": 76,
  "faster_click_level": 53,
  "mini_clicker_count": 142,
  "rebirth_count": 1,
  "last_save": 1748113096.122646,
  "hmac": "002ae7346792f3070480330956ece27d31ab7bd0fc83ebd26249b2098323c934"
}