{
  "uid": "8e65b2f3-6b49-4cfe-a229-cbe767c12cc3",
  "hwid": "154724018377269",
  "total_clicks": 9.181759909067907e+45,
  "click_power_level": 401,
  "faster_click_level": 305,
  "mini_clicker_count": 1125,
  "rebirth_count": 1,
  "last_save": 1748113055.8586628,
  "hmac": "a4235c3d68f44c925a892eaea33050b29e7a74b3875993791d5a171369fc5852"
}