{
  "uid": "8e65b2f3-6b49-4cfe-a229-cbe767c12cc3",
  "hwid": "154724018377269",
  "total_clicks": 3.176532458303458e+20,
  "click_power_level": 172,
  "faster_click_level": 127,
  "mini_clicker_count": 495,
  "rebirth_count": 1,
  "last_save": 1748112990.4073484,
  "hmac": "e0071d9fce8efa3d19da1c0b9a1fe8c6b02defce9cd5d298a1bf7c5b6aa62100"
}