{
  "uid": "8e65b2f3-6b49-4cfe-a229-cbe767c12cc3",
  "hwid": "154724018377269",
  "total_clicks": 1.272644555708834e+47,
  "click_power_level": 402,
  "faster_click_level": 307,
  "mini_clicker_count": 1128,
  "rebirth_count": 1,
  "last_save": 1748113056.861385,
  "hmac": "a0e097d24aaa19bcb93f08c61d09bdee5729ee28d379297c6639259196bc3f40"
}