{
  "uid": "12d17fdc-95d7-404a-ab81-30e418209711",
  "hwid": "154724018377269",
  "total_clicks": 137018809356.83768,
  "click_power_level": 76,
  "faster_click_level": 53,
  "mini_clicker_count": 142,
  "rebirth_count": 1,
  "last_save": 1748113095.1222086,
  "hmac": "6904fc29fa2c2b69f50f8c0009f2c92cf63f512c0ac9839563042570e1cb60c1"
}