{
  "uid": "c89277cd-9256-4962-a88c-a3f2b0ec4e3e",
  "hwid": "154724018377269",
  "total_clicks": 8883.151514405305,
  "click_power_level": 23,
  "faster_click_level": 12,
  "mini_clicker_count": 89,
  "rebirth_count": 1,
  "last_save": 1748112922.9333248,
  "hmac": "684510efce2cad8266493c72b721f225b506aba891e4fda1b0897f7c52e29e95"
}