{
  "uid": "fbc3ea2b-fdd2-4e3b-8c2d-124364a0d713",
  "hwid": "154724018377269",
  "total_clicks": 30.799999999999986,
  "click_power_level": 0,
  "faster_click_level": 0,
  "mini_clicker_count": 0,
  "rebirth_count": 1,
  "last_save": 1748112866.4393246,
  "hmac": "50b8b1d09527e7efa3870b1defbdd4f4ce8722702f19e566554df4f85775e9a3"
}