{
  "uid": "e99531ac-f9c9-4bac-beb1-f205c580e1a5",
  "hwid": "154724018377269",
  "total_clicks": 1038.3723999999995,
  "click_power_level": 2,
  "faster_click_level": 2,
  "mini_clicker_count": 2,
  "rebirth_count": 0,
  "last_save": 1748112562.110123,
  "hmac": "c8e044338e0b43cf3ef2f81875d57fd04ddbeaee3b4d793ae6b324f50ee39085"
}