{
  "uid": "5f3ba399-d74d-496a-bfb0-65147bce1b58",
  "hwid": "154724018377269",
  "total_clicks": 1037.1051999999986,
  "click_power_level": 2,
  "faster_click_level": 2,
  "mini_clicker_count": 2,
  "rebirth_count": 0,
  "last_save": 1748112556.0703418,
  "hmac": "7418989152ebd39625b2ff59eb7d489af57bc5e78a8036f711734122daef24c6"
}