{
  "uid": "8cdde5c1-4df1-422d-9530-d45c18519c15",
  "hwid": "154724018377269",
  "total_clicks": 26.583999999999996,
  "click_power_level": 3,
  "faster_click_level": 0,
  "mini_clicker_count": 0,
  "rebirth_count": 0,
  "last_save": 1748112677.5143986,
  "hmac": "f907574cbd97cd4ee34c5413bb0817ecd32a1f1626078960366a8a80dd3b98b8"
}