{
  "uid": "fbc3ea2b-fdd2-4e3b-8c2d-124364a0d713",
  "hwid": "154724018377269",
  "total_clicks": 27.99999999999999,
  "click_power_level": 0,
  "faster_click_level": 0,
  "mini_clicker_count": 0,
  "rebirth_count": 1,
  "last_save": 1748112811.2585292,
  "hmac": "28717b45ccf722f7d747180c1090c74d04e37cbe3c67ed688a1243203b19a6a9"
}