{
  "uid": "12d17fdc-95d7-404a-ab81-30e418209711",
  "hwid": "154724018377269",
  "total_clicks": 135739860800.82774,
  "click_power_level": 76,
  "faster_click_level": 53,
  "mini_clicker_count": 142,
  "rebirth_count": 1,
  "last_save": 1748113094.1092713,
  "hmac": "f960f4e33b6f223fd54fbbc3e5a2ce1a5010c05774cba6b4dada62d9b0dd5554"
}