{
  "uid": "fbc3ea2b-fdd2-4e3b-8c2d-124364a0d713",
  "hwid": "154724018377269",
  "total_clicks": 27.99999999999999,
  "click_power_level": 0,
  "faster_click_level": 0,
  "mini_clicker_count": 0,
  "rebirth_count": 1,
  "last_save": 1748112804.207229,
  "hmac": "a7e812235aa58306efd758fb4cd3cbf6280bdb4a214b02f6fb2e4a87a1ffcb32"
}