{
  "uid": "94dd5597-eb88-4bd5-885a-3b0a5059a239",
  "hwid": "154724018377269",
  "total_clicks": 98.40352453783441,
  "click_power_level": 11,
  "faster_click_level": 2,
  "mini_clicker_count": 42,
  "rebirth_count": 1,
  "last_save": 1748112926.95921,
  "hmac": "c1755645747415f55e4de236407f77046f0e6919af77447d74982a717c1fdd63"
}