{
  "uid": "fbc3ea2b-fdd2-4e3b-8c2d-124364a0d713",
  "hwid": "154724018377269",
  "total_clicks": 29.399999999999988,
  "click_power_level": 0,
  "faster_click_level": 0,
  "mini_clicker_count": 0,
  "rebirth_count": 1,
  "last_save": 1748112839.198239,
  "hmac": "5ca0cfd5d31efd58c2a9af5e17f0ef947652c2298ae3d9b86a0b0358354be4d9"
}