{
  "uid": "8e65b2f3-6b49-4cfe-a229-cbe767c12cc3",
  "hwid": "154724018377269",
  "total_clicks": 3.163155805433452e+41,
  "click_power_level": 344,
  "faster_click_level": 228,
  "mini_clicker_count": 839,
  "rebirth_count": 1,
  "last_save": 1748113040.740269,
  "hmac": "35ff3d0650eabb5c16834843fa543368f35e90fc29f98590754ab74a6964920f"
}