{
  "uid": "fbc3ea2b-fdd2-4e3b-8c2d-124364a0d713",
  "hwid": "154724018377269",
  "total_clicks": 19.599999999999998,
  "click_power_level": 0,
  "faster_click_level": 0,
  "mini_clicker_count": 0,
  "rebirth_count": 1,
  "last_save": 1748112781.4094484,
  "hmac": "5563cf58b242862c2570e5dc1418a91c682a324fc9a6b5b58b1a22b5c68b0129"
}