{
  "uid": "e99531ac-f9c9-4bac-beb1-f205c580e1a5",
  "hwid": "154724018377269",
  "total_clicks": 1038.6656000000041,
  "click_power_level": 2,
  "faster_click_level": 2,
  "mini_clicker_count": 2,
  "rebirth_count": 0,
  "last_save": 1748112663.3984573,
  "hmac": "653c891db81498aa9d3a342b31bf536219791e68ad7df618e77943cd7d6cfe07"
}