{
  "uid": "8e65b2f3-6b49-4cfe-a229-cbe767c12cc3",
  "hwid": "154724018377269",
  "total_clicks": 3.8098270947336016e+32,
  "click_power_level": 272,
  "faster_click_level": 208,
  "mini_clicker_count": 752,
  "rebirth_count": 1,
  "last_save": 1748113022.6023335,
  "hmac": "64ef25abdf41a0162b2fb2d67c02ca7f6a7b8fa8500906c7275856ff84d2649a"
}