{
  "uid": "fbc3ea2b-fdd2-4e3b-8c2d-124364a0d713",
  "hwid": "154724018377269",
  "total_clicks": 30.799999999999986,
  "click_power_level": 0,
  "faster_click_level": 0,
  "mini_clicker_count": 0,
  "rebirth_count": 1,
  "last_save": 1748112865.4372551,
  "hmac": "5e8784abbc9f7710c037b11bdecda8fed577bb2e9fb089b89c7a5932ab186a7c"
}